COIN_0,COIN_1,569.7727769028158
COIN_0,COIN_2,227.14737418587342
COIN_0,COIN_3,209.286585932684
COIN_0,COIN_4,494.70637766488954
COIN_0,COIN_5,345.03308583685254
COIN_0,COIN_6,514.6180043839018
COIN_0,COIN_7,808.3663172428675
COIN_0,COIN_8,205.1117094838913
COIN_0,COIN_9,797.088189668782
COIN_0,COIN_10,2.3087770664577802
COIN_0,COIN_11,575.0027693033541
COIN_0,COIN_12,171.11710061730122
COIN_0,COIN_13,318.6146146844293
COIN_0,COIN_14,0.646121195398649
COIN_0,COIN_15,1.6901985810843962
COIN_0,COIN_16,998.8001503360957
COIN_0,COIN_17,736.4539712590699
COIN_0,COIN_18,893.09652597794
COIN_0,COIN_19,353.2677323025628
COIN_0,COIN_20,249.62604874243632
COIN_0,COIN_21,574.9295196529639
COIN_0,COIN_22,587.1367018048054
COIN_0,COIN_23,372.9426383076494
COIN_0,COIN_24,289.2072480228466
COIN_0,COIN_25,448.51798598165857
COIN_0,COIN_26,324.5879015215716
COIN_0,COIN_27,122.98229506530593
COIN_0,COIN_28,50.42255223300903
COIN_0,COIN_29,545.5903567619732
COIN_0,COIN_30,357.0275750766857
COIN_0,COIN_31,27.241313443017745
COIN_0,COIN_32,447.4176922449949
COIN_0,COIN_33,190.06544705055936
COIN_0,COIN_34,272.0195361625612
COIN_0,COIN_35,85.59555251182775
COIN_0,COIN_36,257.9244960106743
COIN_0,COIN_37,385.4589579771053
COIN_0,COIN_38,427.8967415998052
COIN_0,COIN_39,450.63687340962014
COIN_0,COIN_40,921.4168992050435
COIN_0,COIN_41,144.39364306176768
COIN_0,COIN_42,154.47380495631683
COIN_0,COIN_43,370.2822623013852
COIN_0,COIN_44,200.36812688357077
COIN_0,COIN_45,836.1296267855383
COIN_0,COIN_46,564.8563147338411
COIN_0,COIN_47,896.9819609206039
COIN_0,COIN_48,384.37402051850944
COIN_0,COIN_49,789.5160644542822
COIN_1,COIN_0,0.0017547892151590413
COIN_1,COIN_2,0.39903934719761297
COIN_1,COIN_3,0.36727960639182106
COIN_1,COIN_4,0.8681404707951911
COIN_1,COIN_5,0.6060167910839761
COIN_1,COIN_6,0.9030385002787371
COIN_1,COIN_7,1.4198764522414082
COIN_1,COIN_8,0.35974012189261156
COIN_1,COIN_9,1.3999938353830748
COIN_1,COIN_10,0.004052986103812316
COIN_1,COIN_11,1.009390562405903
COIN_1,COIN_12,0.3002850177174211
COIN_1,COIN_13,0.559428654120729
COIN_1,COIN_14,0.0011334298652607927
COIN_1,COIN_15,0.0029679821275402246
COIN_1,COIN_16,1.7540283004389017
COIN_1,COIN_17,1.292625093872266
COIN_1,COIN_18,1.5688249636085563
COIN_1,COIN_19,0.6199467620514969
COIN_1,COIN_20,0.4382851382527532
COIN_1,COIN_21,1.0091504874523611
COIN_1,COIN_22,1.0303794330846288
COIN_1,COIN_23,0.6549023780052876
COIN_1,COIN_24,0.5074158576961473
COIN_1,COIN_25,0.7867757801998521
COIN_1,COIN_26,0.5698015389720491
COIN_1,COIN_27,0.21573774996479195
COIN_1,COIN_28,0.08852378863310537
COIN_1,COIN_29,0.9575212616235136
COIN_1,COIN_30,0.6267709989428256
COIN_1,COIN_31,0.047785889826381225
COIN_1,COIN_32,0.785021753343214
COIN_1,COIN_33,0.33342126912564113
COIN_1,COIN_34,0.4775905283685889
COIN_1,COIN_35,0.1501772075687314
COIN_1,COIN_36,0.4524388176954033
COIN_1,COIN_37,0.6761846349242833
COIN_1,COIN_38,0.7517099290801921
COIN_1,COIN_39,0.7911332280299278
COIN_1,COIN_40,1.618830394612709
COIN_1,COIN_41,0.2535758979090879
COIN_1,COIN_42,0.271088469788227
COIN_1,COIN_43,0.6505102712346387
COIN_1,COIN_44,0.3513937866030727
COIN_1,COIN_45,1.4681001652869374
COIN_1,COIN_46,0.9915905676666751
COIN_1,COIN_47,1.574000181937336
COIN_1,COIN_48,0.6746223281842484
COIN_1,COIN_49,1.385617147457427
COIN_2,COIN_0,0.004402167335407353
COIN_2,COIN_1,2.5065415370145514
COIN_2,COIN_3,0.9209151918790098
COIN_2,COIN_4,2.1774391779618982
COIN_2,COIN_5,1.5191051112493763
COIN_2,COIN_6,2.2649923423678677
COIN_2,COIN_7,3.5579502108231784
COIN_2,COIN_8,0.9023646584382978
COIN_2,COIN_9,3.508531741273861
COIN_2,COIN_10,0.010167832630407228
COIN_2,COIN_11,2.5307403106983797
COIN_2,COIN_12,0.7527155623074638
COIN_2,COIN_13,1.4025491950094484
COIN_2,COIN_14,0.0028422744910425327
COIN_2,COIN_15,0.007436690210337894
COIN_2,COIN_16,4.395545941098804
COIN_2,COIN_17,3.24395401824371
COIN_2,COIN_18,3.9308938749286977
COIN_2,COIN_19,1.5539910878018681
COIN_2,COIN_20,1.0989475983772163
COIN_2,COIN_21,2.5318336792702194
COIN_2,COIN_22,2.583932510740473
COIN_2,COIN_23,1.6425979208873311
COIN_2,COIN_24,1.2732039710666712
COIN_2,COIN_25,1.9741025405897303
COIN_2,COIN_26,1.4277641966442982
COIN_2,COIN_27,0.5408665176144368
COIN_2,COIN_28,0.22193885467948948
COIN_2,COIN_29,2.4003729880085647
COIN_2,COIN_30,1.5711069250718206
COIN_2,COIN_31,0.11981355958469628
COIN_2,COIN_32,1.968065894686793
COIN_2,COIN_33,0.8363494690763171
COIN_2,COIN_34,1.1976830214990362
COIN_2,COIN_35,0.37678674354274216
COIN_2,COIN_36,1.1340948592122788
COIN_2,COIN_37,1.695966579817628
COIN_2,COIN_38,1.884014121992754
COIN_2,COIN_39,1.983118786676258
COIN_2,COIN_40,4.0571899891374095
COIN_2,COIN_41,0.6355792944163006
COIN_2,COIN_42,0.6796410672976294
COIN_2,COIN_43,1.6301901732289832
COIN_2,COIN_44,0.8817435132662873
COIN_2,COIN_45,3.680884976239332
COIN_2,COIN_46,2.4848002658983424
COIN_2,COIN_47,3.948155299942516
COIN_2,COIN_48,1.690548904181162
COIN_2,COIN_49,3.4756077842995285
COIN_3,COIN_0,0.004775171210766817
COIN_3,COIN_1,2.722158617466972
COIN_3,COIN_2,1.0857443141282124
COIN_3,COIN_4,2.3626872033401627
COIN_3,COIN_5,1.6494168671440617
COIN_3,COIN_6,2.4592224516655943
COIN_3,COIN_7,3.8650735379441343
COIN_3,COIN_8,0.9790923086315038
COIN_3,COIN_9,3.807988540798379
COIN_3,COIN_10,0.011034304561037243
COIN_3,COIN_11,2.748016600241387
COIN_3,COIN_12,0.8175728887029939
COIN_3,COIN_13,1.522351372605715
COIN_3,COIN_14,0.003087254165790834
COIN_3,COIN_15,0.008078294684125617
COIN_3,COIN_16,4.774142337511994
COIN_3,COIN_17,3.5185068358971363
COIN_3,COIN_18,4.268299605263264
COIN_3,COIN_19,1.6869452622921681
COIN_3,COIN_20,1.192879165471849
COIN_3,COIN_21,2.746855257524051
COIN_3,COIN_22,2.806933130547912
COIN_3,COIN_23,1.7820570268771454
COIN_3,COIN_24,1.3816071608357665
COIN_3,COIN_25,2.142755523643566
COIN_3,COIN_26,1.5495964908813566
COIN_3,COIN_27,0.5870525345151145
COIN_3,COIN_28,0.24096190181795607
COIN_3,COIN_29,2.6073225246674308
COIN_3,COIN_30,1.705645151060971
COIN_3,COIN_31,0.13011226390648892
COIN_3,COIN_32,2.1381541747847788
COIN_3,COIN_33,0.9077392554981993
COIN_3,COIN_34,1.2996155129272637
COIN_3,COIN_35,0.40882816224724616
COIN_3,COIN_36,1.2317177366001635
COIN_3,COIN_37,1.8402636736200526
COIN_3,COIN_38,2.045681244912664
COIN_3,COIN_39,2.15261115320691
COIN_3,COIN_40,4.405237100847957
COIN_3,COIN_41,0.6903803285747236
COIN_3,COIN_42,0.7377868237399418
COIN_3,COIN_43,1.7702987188931354
COIN_3,COIN_44,0.9563829904718066
COIN_3,COIN_45,3.995636909736173
COIN_3,COIN_46,2.6972612877139928
COIN_3,COIN_47,4.28490620823846
COIN_3,COIN_48,1.8347058178270441
COIN_3,COIN_49,3.774418625501993
COIN_4,COIN_0,0.0020207767893777578
COIN_4,COIN_1,1.1522273971370298
COIN_4,COIN_2,0.4592078507651871
COIN_4,COIN_3,0.423034962119024
COIN_4,COIN_5,0.6975835289477302
COIN_4,COIN_6,1.0400455439343854
COIN_4,COIN_7,1.6342759855295066
COIN_4,COIN_8,0.41445417102819926
COIN_4,COIN_9,1.6120723865687727
COIN_4,COIN_10,0.00466843250174444
COIN_4,COIN_11,1.1626290560597594
COIN_4,COIN_12,0.3459080170691717
COIN_4,COIN_13,0.6442334663615589
COIN_4,COIN_14,0.0013057726318555676
COIN_4,COIN_15,0.0034185212483135237
COIN_4,COIN_16,2.0201213505887594
COIN_4,COIN_17,1.4887438458229243
COIN_4,COIN_18,1.8066039799921396
COIN_4,COIN_19,0.7137942402985921
COIN_4,COIN_20,0.5044899341896879
COIN_4,COIN_21,1.1630704945679264
COIN_4,COIN_22,1.1867615581153188
COIN_4,COIN_23,0.7539534043822019
COIN_4,COIN_24,0.5846871008932641
COIN_4,COIN_25,0.9065594023650471
COIN_4,COIN_26,0.6562192854157621
COIN_4,COIN_27,0.24841512613761524
COIN_4,COIN_28,0.10192308399484454
COIN_4,COIN_29,1.1028396377401994
COIN_4,COIN_30,0.721189316877072
COIN_4,COIN_31,0.055025411889956036
COIN_4,COIN_32,0.9043012117279053
COIN_4,COIN_33,0.3841726543673505
COIN_4,COIN_34,0.549651209409954
COIN_4,COIN_35,0.17302789782752698
COIN_4,COIN_36,0.5213148974108505
COIN_4,COIN_37,0.7792093396400821
COIN_4,COIN_38,0.8655839362562496
COIN_4,COIN_39,0.9104819818072875
COIN_4,COIN_40,1.8641581869346338
COIN_4,COIN_41,0.29191881568470734
COIN_4,COIN_42,0.31224158583842065
COIN_4,COIN_43,0.7491897674865416
COIN_4,COIN_44,0.4050617514410146
COIN_4,COIN_45,1.6906768427475067
COIN_4,COIN_46,1.1413499487241936
COIN_4,COIN_47,1.8124955656463386
COIN_4,COIN_48,0.7769065273802817
COIN_4,COIN_49,1.5963576689717025
COIN_5,COIN_0,0.0028980272737363527
COIN_5,COIN_1,1.6516367965155074
COIN_5,COIN_2,0.6583655767413413
COIN_5,COIN_3,0.6065014196834495
COIN_5,COIN_4,1.4339706839969866
COIN_5,COIN_6,1.4918243191597216
COIN_5,COIN_7,2.3440938724064315
COIN_5,COIN_8,0.5938966024234741
COIN_5,COIN_9,2.3111705501586415
COIN_5,COIN_10,0.0066931356736024605
COIN_5,COIN_11,1.6665190560531185
COIN_5,COIN_12,0.49594751619499156
COIN_5,COIN_13,0.9234411983789468
COIN_5,COIN_14,0.0018714928425658467
COIN_5,COIN_15,0.00489910662930674
COIN_5,COIN_16,2.8954921673483014
COIN_5,COIN_17,2.1340493511830196
COIN_5,COIN_18,2.5887199781221715
COIN_5,COIN_19,1.0234773711119323
COIN_5,COIN_20,0.7232473720283096
COIN_5,COIN_21,1.6655922411079673
COIN_5,COIN_22,1.7020118031371199
COIN_5,COIN_23,1.0810448860929311
COIN_5,COIN_24,0.8380454240468334
COIN_5,COIN_25,1.299106734424646
COIN_5,COIN_26,0.93981963509024
COIN_5,COIN_27,0.35620924887900646
COIN_5,COIN_28,0.14612083067947945
COIN_5,COIN_29,1.581304462812931
COIN_5,COIN_30,1.0343236145750832
COIN_5,COIN_31,0.07889692920952038
COIN_5,COIN_32,1.2956047852284498
COIN_5,COIN_33,0.5509467821083359
COIN_5,COIN_34,0.7880311738256284
COIN_5,COIN_35,0.2480833495151891
COIN_5,COIN_36,0.747032855604416
COIN_5,COIN_37,1.1165371439844938
COIN_5,COIN_38,1.2404576389921864
COIN_5,COIN_39,1.3056161224146252
COIN_5,COIN_40,2.670062701083647
COIN_5,COIN_41,0.4184586698297455
COIN_5,COIN_42,0.44754587345403485
COIN_5,COIN_43,1.0730360363135356
COIN_5,COIN_44,0.5804184060912173
COIN_5,COIN_45,2.4225097745451527
COIN_5,COIN_46,1.6359651984971197
COIN_5,COIN_47,2.598914987625246
COIN_5,COIN_48,1.1133413254887983
COIN_5,COIN_49,2.2881240084986234
COIN_6,COIN_0,0.0019427688065228683
COIN_6,COIN_1,1.1063165418269207
COIN_6,COIN_2,0.4416595799527764
COIN_6,COIN_3,0.4066313858294659
COIN_6,COIN_4,0.9614341830351425
COIN_6,COIN_5,0.6702283224808346
COIN_6,COIN_7,1.571234047597104
COIN_6,COIN_8,0.39827892055196035
COIN_6,COIN_9,1.5484568991396628
COIN_6,COIN_10,0.004485954779848856
COIN_6,COIN_11,1.1166012781590275
COIN_6,COIN_12,0.3324111892124355
COIN_6,COIN_13,0.6193290013527568
COIN_6,COIN_14,0.0012545891210863046
COIN_6,COIN_15,0.003285397751788873
COIN_6,COIN_16,1.9419639002252527
COIN_6,COIN_17,1.4317275865371584
COIN_6,COIN_18,1.7353542536292281
COIN_6,COIN_19,0.6862699239822989
COIN_6,COIN_20,0.48487601706960326
COIN_6,COIN_21,1.1174617897458987
COIN_6,COIN_22,1.1404415379230297
COIN_6,COIN_23,0.7251430779817228
COIN_6,COIN_24,0.5618768646339392
COIN_6,COIN_25,0.8708032352914262
COIN_6,COIN_26,0.6303428991348524
COIN_6,COIN_27,0.2387437383476413
COIN_6,COIN_28,0.09794475603126004
COIN_6,COIN_29,1.0605025017063436
COIN_6,COIN_30,0.6933763797722297
COIN_6,COIN_31,0.052930781112475025
COIN_6,COIN_32,0.8692029572577151
COIN_6,COIN_33,0.3692347783627751
COIN_6,COIN_34,0.5285683925458309
COIN_6,COIN_35,0.16626600918748036
COIN_6,COIN_36,0.5007070655853848
COIN_6,COIN_37,0.7487622253268442
COIN_6,COIN_38,0.8313515708889421
COIN_6,COIN_39,0.8750875145324988
COIN_6,COIN_40,1.7916663813242597
COIN_6,COIN_41,0.2806080831669102
COIN_6,COIN_42,0.2999450718298344
COIN_6,COIN_43,0.7193278714231018
COIN_6,COIN_44,0.38925895928252313
COIN_6,COIN_45,1.6245552050493344
COIN_6,COIN_46,1.0968825347566775
COIN_6,COIN_47,1.7425823873269126
COIN_6,COIN_48,0.7463275371667112
COIN_6,COIN_49,1.5341439319488523
COIN_7,COIN_0,0.0012362470753512279
COIN_7,COIN_1,0.7045038335776997
COIN_7,COIN_2,0.2809500380084487
COIN_7,COIN_3,0.2587138733189217
COIN_7,COIN_4,0.6115606105239287
COIN_7,COIN_5,0.4266931927922361
COIN_7,COIN_6,0.6366653588170302
COIN_7,COIN_8,0.25345445721500626
COIN_7,COIN_9,0.9861853632989803
COIN_7,COIN_10,0.0028562315436584653
COIN_7,COIN_11,0.71061472696356
COIN_7,COIN_12,0.21153344364293358
COIN_7,COIN_13,0.39389887670363766
COIN_7,COIN_14,0.0007986176520824368
COIN_7,COIN_15,0.002090008960621503
COIN_7,COIN_16,1.235980023671437
COIN_7,COIN_17,0.9112438982317032
COIN_7,COIN_18,1.1042417007710914
COIN_7,COIN_19,0.43685460364096756
COIN_7,COIN_20,0.3085800842893329
COIN_7,COIN_21,0.7112193856210661
COIN_7,COIN_22,0.7260919507298326
COIN_7,COIN_23,0.46137807654007024
COIN_7,COIN_24,0.35763517054887123
COIN_7,COIN_25,0.5542934705741243
COIN_7,COIN_26,0.4011459383176151
COIN_7,COIN_27,0.15203325943416313
COIN_7,COIN_28,0.06235168397548076
COIN_7,COIN_29,0.6746078602390615
COIN_7,COIN_30,0.4414880559728909
COIN_7,COIN_31,0.033676361013727035
COIN_7,COIN_32,0.5528510353063891
COIN_7,COIN_33,0.23493309547295702
COIN_7,COIN_34,0.3362718711083846
COIN_7,COIN_35,0.10579919415350963
COIN_7,COIN_36,0.31867969907952143
COIN_7,COIN_37,0.4761728730724457
COIN_7,COIN_38,0.5292719789688062
COIN_7,COIN_39,0.556950143694103
COIN_7,COIN_40,1.1395349200412457
COIN_7,COIN_41,0.17870219407957227
COIN_7,COIN_42,0.1909798759078952
COIN_7,COIN_43,0.4581600505154479
COIN_7,COIN_44,0.24770704453524522
COIN_7,COIN_45,1.0340852923539823
COIN_7,COIN_46,0.6979768549262072
COIN_7,COIN_47,1.109300176479891
COIN_7,COIN_48,0.4752915259562553
COIN_7,COIN_49,0.9760851889486294
COIN_8,COIN_0,0.004874987255330725
COIN_8,COIN_1,2.7790383075974803
COIN_8,COIN_2,1.1076779790754663
COIN_8,COIN_3,1.0209206939673523
COIN_8,COIN_4,2.411987927008201
COIN_8,COIN_5,1.682619160817631
COIN_8,COIN_6,2.5114325395016475
COIN_8,COIN_7,3.9454583561262964
COIN_8,COIN_9,3.8899944968299165
COIN_8,COIN_10,0.011264703102486097
COIN_8,COIN_11,2.8045166656071516
COIN_8,COIN_12,0.8343661536424142
COIN_8,COIN_13,1.5544975892146369
COIN_8,COIN_14,0.0031495147316973277
COIN_8,COIN_15,0.00824574602364858
COIN_8,COIN_16,4.873057770717835
COIN_8,COIN_17,3.5921405111171616
COIN_8,COIN_18,4.358288707839802
COIN_8,COIN_19,1.7219919737620042
COIN_8,COIN_20,1.2177376035252536
COIN_8,COIN_21,2.805762875919058
COIN_8,COIN_22,2.8654433687980037
COIN_8,COIN_23,1.819569495954178
COIN_8,COIN_24,1.4099558154309897
COIN_8,COIN_25,2.187623472014385
COIN_8,COIN_26,1.582131799114931
COIN_8,COIN_27,0.5993783871454736
COIN_8,COIN_28,0.24599552684015286
COIN_8,COIN_29,2.6624306688629495
COIN_8,COIN_30,1.7402720737763695
COIN_8,COIN_31,0.13281351219321344
COIN_8,COIN_32,2.182023007897044
COIN_8,COIN_33,0.9264430123744336
COIN_8,COIN_34,1.326300849608289
COIN_8,COIN_35,0.4173290406534773
COIN_8,COIN_36,1.2568410458450894
COIN_8,COIN_37,1.8786070302106717
COIN_8,COIN_38,2.0872896742357665
COIN_8,COIN_39,2.197814395487744
COIN_8,COIN_40,4.496290810114195
COIN_8,COIN_41,0.7048913662464174
COIN_8,COIN_42,0.7534973715011155
COIN_8,COIN_43,1.8075612286186036
COIN_8,COIN_44,0.9770784675660771
COIN_8,COIN_45,4.079159354900254
COIN_8,COIN_46,2.754613716387751
COIN_8,COIN_47,4.376683044772256
COIN_8,COIN_48,1.8745852649964452
COIN_8,COIN_49,3.8531836501984884
COIN_9,COIN_0,0.0012547830276379355
COIN_9,COIN_1,0.7147442214944185
COIN_9,COIN_2,0.28487465042599874
COIN_9,COIN_3,0.2626235749387151
COIN_9,COIN_4,0.6204471323712354
COIN_9,COIN_5,0.43277164126637985
COIN_9,COIN_6,0.6452903938383384
COIN_9,COIN_7,1.0144094959048182
COIN_9,COIN_8,0.2570692079319834
COIN_9,COIN_10,0.0028959049181751365
COIN_9,COIN_11,0.7211391389951575
COIN_9,COIN_12,0.21471738195204185
COIN_9,COIN_13,0.3997857982228914
COIN_9,COIN_14,0.0008099080296148506
COIN_9,COIN_15,0.0021203670401446053
COIN_9,COIN_16,1.2535477033310782
COIN_9,COIN_17,0.9242224414670753
COIN_9,COIN_18,1.1202038404180323
COIN_9,COIN_19,0.4428498469107448
COIN_9,COIN_20,0.3131226823886682
COIN_9,COIN_21,0.7215666452425715
COIN_9,COIN_22,0.7367480827493823
COIN_9,COIN_23,0.46812953708147015
COIN_9,COIN_24,0.36272270639445053
COIN_9,COIN_25,0.5622355890720335
COIN_9,COIN_26,0.4070813075136083
COIN_9,COIN_27,0.15413908827629189
COIN_9,COIN_28,0.06325584799618039
COIN_9,COIN_29,0.6843823037854874
COIN_9,COIN_30,0.4474785209293573
COIN_9,COIN_31,0.03416607428931589
COIN_9,COIN_32,0.5611878224111199
COIN_9,COIN_33,0.23825927168909353
COIN_9,COIN_34,0.3411058370581823
COIN_9,COIN_35,0.10734769516570396
COIN_9,COIN_36,0.32334820486284577
COIN_9,COIN_37,0.48322396398949335
COIN_9,COIN_38,0.5367732470332333
COIN_9,COIN_39,0.5649438098633377
COIN_9,COIN_40,1.1564843172671104
COIN_9,COIN_41,0.18114066864661532
COIN_9,COIN_42,0.1937373124011488
COIN_9,COIN_43,0.4646304918287701
COIN_9,COIN_44,0.2511683173967383
COIN_9,COIN_45,1.0480357246105685
COIN_9,COIN_46,0.708532695630222
COIN_9,COIN_47,1.1249826498064102
COIN_9,COIN_48,0.4819851727767546
COIN_9,COIN_49,0.9902503214451766
COIN_10,COIN_0,0.43320979357660183
COIN_10,COIN_1,246.5867238666214
COIN_10,COIN_2,98.3606892225528
COIN_10,COIN_3,90.6662970966488
COIN_10,COIN_4,214.12240546479867
COIN_10,COIN_5,149.3678154961426
COIN_10,COIN_6,222.835383713722
COIN_10,COIN_7,350.0300473104495
COIN_10,COIN_8,88.77010283589556
COIN_10,COIN_9,345.15867529228444
COIN_10,COIN_11,249.09192168423655
COIN_10,COIN_12,74.10112907882394
COIN_10,COIN_13,137.90803291467475
COIN_10,COIN_14,0.2796981738017754
COIN_10,COIN_15,0.7318824437196533
COIN_10,COIN_16,432.65400716423557
COIN_10,COIN_17,318.86242993908206
COIN_10,COIN_18,386.9824412983908
COIN_10,COIN_19,152.90595921546893
COIN_10,COIN_20,108.1216490655455
COIN_10,COIN_21,248.93826051322836
COIN_10,COIN_22,254.17012555111725
COIN_10,COIN_23,161.6332948876342
COIN_10,COIN_24,125.20226442962624
COIN_10,COIN_25,194.07762949248433
COIN_10,COIN_26,140.47911935297486
COIN_10,COIN_27,53.22556522638609
COIN_10,COIN_28,21.819780927648928
COIN_10,COIN_29,236.24141877547774
COIN_10,COIN_30,154.55969216785275
COIN_10,COIN_31,11.790024500080879
COIN_10,COIN_32,193.72272674257067
COIN_10,COIN_33,82.27898013567638
COIN_10,COIN_34,117.73839275702147
COIN_10,COIN_35,37.07049255010405
COIN_10,COIN_36,111.61038738095388
COIN_10,COIN_37,166.89828625268976
COIN_10,COIN_38,185.33807501880045
COIN_10,COIN_39,195.08499776191056
COIN_10,COIN_40,399.07046392203085
COIN_10,COIN_41,62.58176662598405
COIN_10,COIN_42,66.856613573187
COIN_10,COIN_43,160.41793173420413
COIN_10,COIN_44,86.72342300447139
COIN_10,COIN_45,362.0327492117623
COIN_10,COIN_46,244.49087369966196
COIN_10,COIN_47,388.57382760465555
COIN_10,COIN_48,166.37550583615857
COIN_10,COIN_49,342.00410961390037
COIN_11,COIN_0,0.0017391302411064774
COIN_11,COIN_1,0.9912678994099704
COIN_11,COIN_2,0.3951582583297403
COIN_11,COIN_3,0.3639158746015477
COIN_11,COIN_4,0.8599367847774194
COIN_11,COIN_5,0.5999784977973829
COIN_11,COIN_6,0.8953173431864925
COIN_11,COIN_7,1.4064710435850591
COIN_11,COIN_8,0.35673947713336135
COIN_11,COIN_9,1.3863036200746321
COIN_11,COIN_10,0.00401512279819965
COIN_11,COIN_12,0.2974616142187627
COIN_11,COIN_13,0.554377341024516
COIN_11,COIN_14,0.001123706520016652
COIN_11,COIN_15,0.002938982619355285
COIN_11,COIN_16,1.7378566788017775
COIN_11,COIN_17,1.28099960947669
COIN_11,COIN_18,1.5538524684116608
COIN_11,COIN_19,0.6142754913030877
COIN_11,COIN_20,0.43410118126830605
COIN_11,COIN_21,1.0002692976552496
COIN_11,COIN_22,1.0217773608129301
COIN_11,COIN_23,0.6487048017986535
COIN_11,COIN_24,0.5028597187623587
COIN_11,COIN_25,0.7801459754695019
COIN_11,COIN_26,0.564298249349703
COIN_11,COIN_27,0.2137683492322386
COIN_11,COIN_28,0.08771914105652671
COIN_11,COIN_29,0.9489670956482069
COIN_11,COIN_30,0.6207419653172431
COIN_11,COIN_31,0.047364860232273286
COIN_11,COIN_32,0.7779464325646608
COIN_11,COIN_33,0.33048846858365566
COIN_11,COIN_34,0.4732997637590916
COIN_11,COIN_35,0.14891865717717448
COIN_11,COIN_36,0.4483088925090482
COIN_11,COIN_37,0.6703834221010875
COIN_11,COIN_38,0.7446232416301575
COIN_11,COIN_39,0.7834026523575435
COIN_11,COIN_40,1.6037185365883049
COIN_11,COIN_41,0.2512873249474659
COIN_11,COIN_42,0.26870293709388804
COIN_11,COIN_43,0.6442093374829693
COIN_11,COIN_44,0.3481877646284058
COIN_11,COIN_45,1.4535842344464578
COIN_11,COIN_46,0.9824095189285
COIN_11,COIN_47,1.5602807149808253
COIN_11,COIN_48,0.668375908616863
COIN_11,COIN_49,1.3738851515470503
COIN_12,COIN_0,0.005842622598907356
COIN_12,COIN_1,3.3292915762539708
COIN_12,COIN_2,1.3282766276483167
COIN_12,COIN_3,1.2232911396762718
COIN_12,COIN_4,2.8917522836189926
COIN_12,COIN_5,2.017821776082628
COIN_12,COIN_6,3.0089376228139835
COIN_12,COIN_7,4.725842386206913
COIN_12,COIN_8,1.1982832934073777
COIN_12,COIN_9,4.660889146156719
COIN_12,COIN_10,0.01349604801729777
COIN_12,COIN_11,3.3610029672440964
COIN_12,COIN_13,1.8625424430910633
COIN_12,COIN_14,0.003774929648408362
COIN_12,COIN_15,0.009874867666708876
COIN_12,COIN_16,5.837985885416337
COIN_12,COIN_17,4.303969092959302
COIN_12,COIN_18,5.219428734142721
COIN_12,COIN_19,2.0634303521622424
COIN_12,COIN_20,1.4592174818509829
COIN_12,COIN_21,3.3595356279612965
COIN_12,COIN_22,3.4330961045891475
COIN_12,COIN_23,2.1795519301336297
COIN_12,COIN_24,1.6901266480053272
COIN_12,COIN_25,2.619032098034232
COIN_12,COIN_26,1.8953686795191382
COIN_12,COIN_27,0.7181456583422113
COIN_12,COIN_28,0.29465047721919957
COIN_12,COIN_29,3.188178118662848
COIN_12,COIN_30,2.0856127796054373
COIN_12,COIN_31,0.1590809744443779
COIN_12,COIN_32,2.6149458155183143
COIN_12,COIN_33,1.1100908412378478
COIN_12,COIN_34,1.5900154534425004
COIN_12,COIN_35,0.5001768868261254
COIN_12,COIN_36,1.5070633807009295
COIN_12,COIN_37,2.2522119205989646
COIN_12,COIN_38,2.501396577611758
COIN_12,COIN_39,2.6331151128441923
COIN_12,COIN_40,5.38513653251253
COIN_12,COIN_41,0.8444292158750906
COIN_12,COIN_42,0.9022780836047641
COIN_12,COIN_43,2.1659412823241078
COIN_12,COIN_44,1.170356634491184
COIN_12,COIN_45,4.887424362871366
COIN_12,COIN_46,3.300795815417698
COIN_12,COIN_47,5.241583694508485
COIN_12,COIN_48,2.2457006808268223
COIN_12,COIN_49,4.61521809245833
COIN_13,COIN_0,0.003138418334511993
COIN_13,COIN_1,1.787406130033201
COIN_13,COIN_2,0.7133772524195936
COIN_13,COIN_3,0.6571070966826069
COIN_13,COIN_4,1.5525918600500292
COIN_13,COIN_5,1.0834091747277381
COIN_13,COIN_6,1.6157375822450553
COIN_13,COIN_7,2.538788211834901
COIN_13,COIN_8,0.6433144886600385
COIN_13,COIN_9,2.5029484256067023
COIN_13,COIN_10,0.007245489643208707
COIN_13,COIN_11,1.805365101063222
COIN_13,COIN_12,0.5370761400061145
COIN_13,COIN_14,0.002026614326302097
COIN_13,COIN_15,0.005302598460727966
COIN_13,COIN_16,3.135759432137853
COIN_13,COIN_17,2.3112264643899354
COIN_13,COIN_18,2.8035047613227926
COIN_13,COIN_19,1.1086836652575383
COIN_13,COIN_20,0.7832815410523527
COIN_13,COIN_21,1.804646169635354
COIN_13,COIN_22,1.8437133955455656
COIN_13,COIN_23,1.170516202681226
COIN_13,COIN_24,0.9074438536242075
COIN_13,COIN_25,1.407028478984432
COIN_13,COIN_26,1.0180228036773453
COIN_13,COIN_27,0.3859895669724784
COIN_13,COIN_28,0.15814250035804678
COIN_13,COIN_29,1.7124997435745735
COIN_13,COIN_30,1.1202400280815807
COIN_13,COIN_31,0.08544782003443552
COIN_13,COIN_32,1.4043688488153325
COIN_13,COIN_33,0.5963317495198195
COIN_13,COIN_34,0.8534945240397658
COIN_13,COIN_35,0.2685658225052592
COIN_13,COIN_36,0.8093941400411816
COIN_13,COIN_37,1.2097674298929137
COIN_13,COIN_38,1.3430735711209953
COIN_13,COIN_39,1.4144103923688753
COIN_13,COIN_40,2.8926938286288664
COIN_13,COIN_41,0.4532874669891675
COIN_13,COIN_42,0.48467360113491015
COIN_13,COIN_43,1.1623615754810788
COIN_13,COIN_44,0.6283791097383318
COIN_13,COIN_45,2.6250013473090097
COIN_13,COIN_46,1.7732946992098189
COIN_13,COIN_47,2.814358614976087
COIN_13,COIN_48,1.2060823576528314
COIN_13,COIN_49,2.479481020434223
COIN_14,COIN_0,1.5474851398372964
COIN_14,COIN_1,881.6858011704785
COIN_14,COIN_2,351.6350328395901
COIN_14,COIN_3,324.01976786549346
COIN_14,COIN_4,765.9889717835592
COIN_14,COIN_5,534.1977329906398
COIN_14,COIN_6,796.953621240936
COIN_14,COIN_7,1251.397180088712
COIN_14,COIN_8,317.5043028827258
COIN_14,COIN_9,1234.6973419817364
COIN_14,COIN_10,3.575957908833861
COIN_14,COIN_11,890.1289673777428
COIN_14,COIN_12,264.7963201048743
COIN_14,COIN_13,493.13707979306673
COIN_14,COIN_15,2.616071061298007
COIN_14,COIN_16,1546.2387237203218
COIN_14,COIN_17,1140.9218659149956
COIN_14,COIN_18,1382.5833475988532
COIN_14,COIN_19,546.8461107275758
COIN_14,COIN_20,386.6451668401918
COIN_14,COIN_21,890.6104305225996
COIN_14,COIN_22,909.3326879860259
COIN_14,COIN_23,577.5120377554939
COIN_14,COIN_24,447.79517956854704
COIN_14,COIN_25,694.2355336990111
COIN_14,COIN_26,502.5008456269236
COIN_14,COIN_27,190.29059608015746
COIN_14,COIN_28,78.0186259933549
COIN_14,COIN_29,844.6646616801545
COIN_14,COIN_30,552.7212123545366
COIN_14,COIN_31,42.14942328916735
COIN_14,COIN_32,692.4444862797841
COIN_14,COIN_33,294.1145842055108
COIN_14,COIN_34,421.2350885030413
COIN_14,COIN_35,132.49113571017813
COIN_14,COIN_36,399.07605157944636
COIN_14,COIN_37,596.4917459261187
COIN_14,COIN_38,662.6824390291251
COIN_14,COIN_39,697.1938444679516
COIN_14,COIN_40,1427.6458364992268
COIN_14,COIN_41,223.61490114909185
COIN_14,COIN_42,239.1196264446436
COIN_14,COIN_43,573.7394773975371
COIN_14,COIN_44,309.9373524517256
COIN_14,COIN_45,1294.265396808874
COIN_14,COIN_46,874.258670160376
COIN_14,COIN_47,1388.181002130167
COIN_14,COIN_48,594.6812466917178
COIN_14,COIN_49,1222.1353398490612
COIN_15,COIN_0,0.5917525316446448
COIN_15,COIN_1,336.9352685490105
COIN_15,COIN_2,134.4342772478145
COIN_15,COIN_3,123.80842162166635
COIN_15,COIN_4,292.56570998318415
COIN_15,COIN_5,204.08888481759513
COIN_15,COIN_6,304.5688339321408
COIN_15,COIN_7,478.480542152006
COIN_15,COIN_8,121.33408904782193
COIN_15,COIN_9,471.6850304858803
COIN_15,COIN_10,1.3665136473805553
COIN_15,COIN_11,340.08481538416106
COIN_15,COIN_12,101.1926167815783
COIN_15,COIN_13,188.5216528550138
COIN_15,COIN_14,0.3822654054272947
COIN_15,COIN_16,591.1427249956002
COIN_15,COIN_17,435.91471850159206
COIN_15,COIN_18,528.4316440576231
COIN_15,COIN_19,208.96484068684342
COIN_15,COIN_20,147.74264920273362
COIN_15,COIN_21,340.08464489823956
COIN_15,COIN_22,347.37538598327916
COIN_15,COIN_23,220.6923882055852
COIN_15,COIN_24,171.1080356696154
COIN_15,COIN_25,265.11675604652714
COIN_15,COIN_26,191.89680694694255
COIN_15,COIN_27,72.7446755331172
COIN_15,COIN_28,29.81604005468507
COIN_15,COIN_29,322.7640332349564
COIN_15,COIN_30,211.10998359111716
COIN_15,COIN_31,16.111461163921206
COIN_15,COIN_32,264.55357419044987
COIN_15,COIN_33,112.41725989999557
COIN_15,COIN_34,160.9120514968828
COIN_15,COIN_35,50.65394305524511
COIN_15,COIN_36,152.55999377039052
COIN_15,COIN_37,227.83411754367717
COIN_15,COIN_38,253.31597116995832
COIN_15,COIN_39,266.5899591572054
COIN_15,COIN_40,545.3715386635907
COIN_15,COIN_41,85.47710545459027
COIN_15,COIN_42,91.38194451296306
COIN_15,COIN_43,219.06630320854208
COIN_15,COIN_44,118.4635772507949
COIN_15,COIN_45,494.72257204046264
COIN_15,COIN_46,333.9347984562373
COIN_15,COIN_47,530.532216863155
COIN_15,COIN_48,227.31549572956305
COIN_15,COIN_49,467.0656751622678
COIN_16,COIN_0,0.0010009718299703323
COIN_16,COIN_1,0.57034532674688
COIN_16,COIN_2,0.22736741673422894
COIN_16,COIN_3,0.2093718081089181
COIN_16,COIN_4,0.49525879168177556
COIN_16,COIN_5,0.3452834015544832
COIN_16,COIN_6,0.5151009486990276
COIN_16,COIN_7,0.809622477598635
COIN_16,COIN_8,0.20511824732747955
COIN_16,COIN_9,0.7979267381543862
COIN_16,COIN_10,0.002310447064453583
COIN_16,COIN_11,0.5754900323477763
COIN_16,COIN_12,0.171222703303288
COIN_16,COIN_13,0.3189026132373502
COIN_16,COIN_14,0.0006465549183597724
COIN_16,COIN_15,0.0016910819256984913
COIN_16,COIN_17,0.7373895709164185
COIN_16,COIN_18,0.8937221275410573
COIN_16,COIN_19,0.3532806585963193
COIN_16,COIN_20,0.24997335269873897
COIN_16,COIN_21,0.5756844077678493
COIN_16,COIN_22,0.5875458197098055
COIN_16,COIN_23,0.37355528680091843
COIN_16,COIN_24,0.2895020344369533
COIN_16,COIN_25,0.44850668152435696
COIN_16,COIN_26,0.3246107714299122
COIN_16,COIN_27,0.12300786997998253
COIN_16,COIN_28,0.05042736006145816
COIN_16,COIN_29,0.5461437840918972
COIN_16,COIN_30,0.3571175201561566
COIN_16,COIN_31,0.027241222483460403
COIN_16,COIN_32,0.44761955541265475
COIN_16,COIN_33,0.1901794538433849
COIN_16,COIN_34,0.27230159107911905
COIN_16,COIN_35,0.08565108311765679
COIN_16,COIN_36,0.25808016970852254
COIN_16,COIN_37,0.38570892434339077
COIN_16,COIN_38,0.4284488277531843
COIN_16,COIN_39,0.45092230735015293
COIN_16,COIN_40,0.9225303128376158
COIN_16,COIN_41,0.14458226233303242
COIN_16,COIN_42,0.1546007798818669
COIN_16,COIN_43,0.37064040116064995
COIN_16,COIN_44,0.20049425492885745
COIN_16,COIN_45,0.8362116229070968
COIN_16,COIN_46,0.5649433267089107
COIN_16,COIN_47,0.8974795447428052
COIN_16,COIN_48,0.38437659323288215
COIN_16,COIN_49,0.7900579136486623
COIN_17,COIN_0,0.0013568449366825608
COIN_17,COIN_1,0.7729613131385583
COIN_17,COIN_2,0.30851208485259213
COIN_17,COIN_3,0.2839669520600521
COIN_17,COIN_4,0.6712118674360281
COIN_17,COIN_5,0.4684927410360577
COIN_17,COIN_6,0.6988817288678479
COIN_17,COIN_7,1.098103651684999
COIN_17,COIN_8,0.2783128031619255
COIN_17,COIN_9,1.082586358791781
COIN_17,COIN_10,0.003133521692179101
COIN_17,COIN_11,0.780358671239404
COIN_17,COIN_12,0.23221185881304893
COIN_17,COIN_13,0.43242502035253644
COIN_17,COIN_14,0.0008766724348068176
COIN_17,COIN_15,0.002295379468642475
COIN_17,COIN_16,1.3559929352187288
COIN_17,COIN_18,1.2131981312276952
COIN_17,COIN_19,0.4794043349525207
COIN_17,COIN_20,0.3389670932147367
COIN_17,COIN_21,0.7804424627126946
COIN_17,COIN_22,0.7969147578910031
COIN_17,COIN_23,0.5063696907280147
COIN_17,COIN_24,0.39248390424896623
COIN_17,COIN_25,0.6083557135848232
COIN_17,COIN_26,0.440425292424982
COIN_17,COIN_27,0.16678296964414854
COIN_17,COIN_28,0.0684307272495541
COIN_17,COIN_29,0.7410412897767151
COIN_17,COIN_30,0.48456793090794514
COIN_17,COIN_31,0.03697258831845869
COIN_17,COIN_32,0.6073273990193055
COIN_17,COIN_33,0.2580185887134939
COIN_17,COIN_34,0.3690723417202908
COIN_17,COIN_35,0.1162241669250546
COIN_17,COIN_36,0.35009127298733655
COIN_17,COIN_37,0.5229525152319142
COIN_17,COIN_38,0.5808713537354637
COIN_17,COIN_39,0.6115313666425429
COIN_17,COIN_40,1.25079563656339
COIN_17,COIN_41,0.19615771267410678
COIN_17,COIN_42,0.20956193135857623
COIN_17,COIN_43,0.5029627719894366
COIN_17,COIN_44,0.2718086120778216
COIN_17,COIN_45,1.1346761654032833
COIN_17,COIN_46,0.7664749670192683
COIN_17,COIN_47,1.2168699642621181
COIN_17,COIN_48,0.5213378143644674
COIN_17,COIN_49,1.0718595915435323
COIN_18,COIN_0,0.0011190564214554853
COIN_18,COIN_1,0.6376108563608229
COIN_18,COIN_2,0.2543594390258412
COIN_18,COIN_3,0.2342548839721822
COIN_18,COIN_4,0.5538444091884209
COIN_18,COIN_5,0.38629254607725366
COIN_18,COIN_6,0.5759843718074581
COIN_18,COIN_7,0.9051574560358439
COIN_18,COIN_8,0.22953544608921544
COIN_18,COIN_9,0.8923609744679566
COIN_18,COIN_10,0.0025855615330436666
COIN_18,COIN_11,0.6435109370108527
COIN_18,COIN_12,0.1915208883551775
COIN_18,COIN_13,0.35657138751133477
COIN_18,COIN_14,0.0007229381610781804
COIN_18,COIN_15,0.0018926712708463652
COIN_18,COIN_16,1.1184913862774142
COIN_18,COIN_17,0.8245438300557192
COIN_18,COIN_19,0.39535100992848277
COIN_18,COIN_20,0.27939926957209543
COIN_18,COIN_21,0.6435293461459526
COIN_18,COIN_22,0.6573518910847742
COIN_18,COIN_23,0.41775099350708933
COIN_18,COIN_24,0.3237666803726832
COIN_18,COIN_25,0.5020407964289411
COIN_18,COIN_26,0.36311936964434005
COIN_18,COIN_27,0.1376151929241585
COIN_18,COIN_28,0.05643589775756049
COIN_18,COIN_29,0.6107904368803654
COIN_18,COIN_30,0.3993278507602416
COIN_18,COIN_31,0.03047551507804098
COIN_18,COIN_32,0.5006618052284744
COIN_18,COIN_33,0.21266988793500702
COIN_18,COIN_34,0.3045401515273451
COIN_18,COIN_35,0.0957620569995752
COIN_18,COIN_36,0.28844548065280234
COIN_18,COIN_37,0.43124687450346966
COIN_18,COIN_38,0.47901062596328264
COIN_18,COIN_39,0.5044925401831094
COIN_18,COIN_40,1.0316024721944188
COIN_18,COIN_41,0.16174413970318832
COIN_18,COIN_42,0.17285967105397074
COIN_18,COIN_43,0.4146044219119066
COIN_18,COIN_44,0.2242448334433688
COIN_18,COIN_45,0.9355850445568055
COIN_18,COIN_46,0.6323554706063644
COIN_18,COIN_47,1.0038834865093615
COIN_18,COIN_48,0.4301621042700984
COIN_18,COIN_49,0.883834646548699
COIN_19,COIN_0,0.0028329118167927116
COIN_19,COIN_1,1.6130596317777797
COIN_19,COIN_2,0.6432494536431241
COIN_19,COIN_3,0.5928263851654234
COIN_19,COIN_4,1.4003948372846462
COIN_19,COIN_5,0.9771792228276368
COIN_19,COIN_6,1.4577821292444781
COIN_19,COIN_7,2.2909888916492984
COIN_19,COIN_8,0.580427716439527
COIN_19,COIN_9,2.258075115597534
COIN_19,COIN_10,0.006538809737317103
COIN_19,COIN_11,1.6287684020309374
COIN_19,COIN_12,0.4845276897102369
COIN_19,COIN_13,0.9021916884197688
COIN_19,COIN_14,0.0018297632306785772
COIN_19,COIN_15,0.004789075700028726
COIN_19,COIN_16,2.8292751303064834
COIN_19,COIN_17,2.085937048268784
COIN_19,COIN_18,2.5307584111896
COIN_19,COIN_20,0.7069016610063653
COIN_19,COIN_21,1.6278453932570713
COIN_19,COIN_22,1.6625639951535787
COIN_19,COIN_23,1.0561992051832747
COIN_19,COIN_24,0.8191271955654522
COIN_19,COIN_25,1.2693907334576646
COIN_19,COIN_26,0.9187665355501791
COIN_19,COIN_27,0.3482397328771619
COIN_19,COIN_28,0.14278696060267
COIN_19,COIN_29,1.545941916549122
COIN_19,COIN_30,1.0103728303469839
COIN_19,COIN_31,0.07709914130695901
COIN_19,COIN_32,1.2673272468071206
COIN_19,COIN_33,0.5383948808580723
COIN_19,COIN_34,0.7702140089649708
COIN_19,COIN_35,0.24236754700568325
COIN_19,COIN_36,0.7303804571370693
COIN_19,COIN_37,1.091425417533847
COIN_19,COIN_38,1.2122700906666606
COIN_19,COIN_39,1.276472172495168
COIN_19,COIN_40,2.611428351183998
COIN_19,COIN_41,0.40919291651473944
COIN_19,COIN_42,0.4373926006315712
COIN_19,COIN_43,1.0487984268953907
COIN_19,COIN_44,0.5673985285627503
COIN_19,COIN_45,2.3664333456294493
COIN_19,COIN_46,1.5994284269982868
COIN_19,COIN_47,2.5395515597898406
COIN_19,COIN_48,1.0885929404149017
COIN_19,COIN_49,2.2357351614093477
COIN_20,COIN_0,0.004006580247552713
COIN_20,COIN_1,2.282773615603497
COIN_20,COIN_2,0.9098322641849981
COIN_20,COIN_3,0.838164851250227
COIN_20,COIN_4,1.9823014571786728
COIN_20,COIN_5,1.3822002248262824
COIN_20,COIN_6,2.0608266891200886
COIN_20,COIN_7,3.24030490112886
COIN_20,COIN_8,0.8210771850610433
COIN_20,COIN_9,3.193139195738301
COIN_20,COIN_10,0.009253613764891318
COIN_20,COIN_11,2.3022567506075857
COIN_20,COIN_12,0.6854110381129905
COIN_20,COIN_13,1.2760022347331115
COIN_20,COIN_14,0.002588260186246644
COIN_20,COIN_15,0.006769852354441619
COIN_20,COIN_16,4.003856315601223
COIN_20,COIN_17,2.951310249622981
COIN_20,COIN_18,3.577976646878369
COIN_20,COIN_19,1.4142032528302226
COIN_20,COIN_21,2.302297763651012
COIN_20,COIN_22,2.3532223250826334
COIN_20,COIN_23,1.4945793717538585
COIN_20,COIN_24,1.1585451958774569
COIN_20,COIN_25,1.7956973768565205
COIN_20,COIN_26,1.2998942167048
COIN_20,COIN_27,0.4922028275747359
COIN_20,COIN_28,0.2018289599916912
COIN_20,COIN_29,2.185533538838691
COIN_20,COIN_30,1.4300766533838232
COIN_20,COIN_31,0.10901953439960915
COIN_20,COIN_32,1.7917829018004308
COIN_20,COIN_33,0.760925693729998
COIN_20,COIN_34,1.0900198807576038
COIN_20,COIN_35,0.3429751219526066
COIN_20,COIN_36,1.0324773890229184
COIN_20,COIN_37,1.542653612528646
COIN_20,COIN_38,1.7139890682883394
COIN_20,COIN_39,1.805560361516235
COIN_20,COIN_40,3.691768253787679
COIN_20,COIN_41,0.5785367623680495
COIN_20,COIN_42,0.618789380301274
COIN_20,COIN_43,1.4841288458850719
COIN_20,COIN_44,0.8024749562817224
COIN_20,COIN_45,3.3496051859471456
COIN_20,COIN_46,2.2611049244617076
COIN_20,COIN_47,3.5933722433142026
COIN_20,COIN_48,1.5395229809957371
COIN_20,COIN_49,3.1640171267202746
COIN_21,COIN_0,0.001739273961518239
COIN_21,COIN_1,0.9906741575462693
COIN_21,COIN_2,0.39529059013901013
COIN_21,COIN_3,0.36403930335974405
COIN_21,COIN_4,0.8598989408170482
COIN_21,COIN_5,0.6002958958013049
COIN_21,COIN_6,0.8953464833391487
COIN_21,COIN_7,1.4068800991782657
COIN_21,COIN_8,0.3564629644448041
COIN_21,COIN_9,1.386747496701219
COIN_21,COIN_10,0.004014843407773144
COIN_21,COIN_11,0.9999936262250976
COIN_21,COIN_12,0.2974407880762553
COIN_21,COIN_13,0.5542213380835663
COIN_21,COIN_14,0.0011236914673480789
COIN_21,COIN_15,0.0029408352440893314
COIN_21,COIN_16,1.7384902029153468
COIN_21,COIN_17,1.2815187593103745
COIN_21,COIN_18,1.5538895317271362
COIN_21,COIN_19,0.6142463986216099
COIN_21,COIN_20,0.4341449984597749
COIN_21,COIN_22,1.020801540666294
COIN_21,COIN_23,0.6490618053623292
COIN_21,COIN_24,0.5029006733986207
COIN_21,COIN_25,0.7793634834369472
COIN_21,COIN_26,0.564170605069983
COIN_21,COIN_27,0.21366989786545912
COIN_21,COIN_28,0.08766557291722508
COIN_21,COIN_29,0.9493084839251482
COIN_21,COIN_30,0.6206632394812681
COIN_21,COIN_31,0.047360811297902136
COIN_21,COIN_32,0.7778125421616943
COIN_21,COIN_33,0.33040121114445314
COIN_21,COIN_34,0.472844787077682
COIN_21,COIN_35,0.148854492565341
COIN_21,COIN_36,0.448095947180034
COIN_21,COIN_37,0.6699018223973419
COIN_21,COIN_38,0.7447243844210992
COIN_21,COIN_39,0.783656153332532
COIN_21,COIN_40,1.6035881760103121
COIN_21,COIN_41,0.25113377490670197
COIN_21,COIN_42,0.2684956007231201
COIN_21,COIN_43,0.6438589845177476
COIN_21,COIN_44,0.3481775710718789
COIN_21,COIN_45,1.4537945267870382
COIN_21,COIN_46,0.9821294358468433
COIN_21,COIN_47,1.559856201773131
COIN_21,COIN_48,0.6683827325791724
COIN_21,COIN_49,1.3731982083480492
COIN_22,COIN_0,0.0017024532017254424
COIN_22,COIN_1,0.9700519343880751
COIN_22,COIN_2,0.3869749865093523
COIN_22,COIN_3,0.3564892847433358
COIN_22,COIN_4,0.8421889943752475
COIN_22,COIN_5,0.5877310118845568
COIN_22,COIN_6,0.8763431983190948
COIN_22,COIN_7,1.3766207799925718
COIN_22,COIN_8,0.3490349296459668
COIN_22,COIN_9,1.3580478166135026
COIN_22,COIN_10,0.00393394231422191
COIN_22,COIN_11,0.9793447319048761
COIN_22,COIN_12,0.29128068367157367
COIN_22,COIN_13,0.5427940172800987
COIN_22,COIN_14,0.001100337513412514
COIN_22,COIN_15,0.002879206587311941
COIN_22,COIN_16,1.7011624571515678
COIN_22,COIN_17,1.2550660513308955
COIN_22,COIN_18,1.5217150295870214
COIN_22,COIN_19,0.6012843058673223
COIN_22,COIN_20,0.4252349608967682
COIN_22,COIN_21,0.9787780856476159
COIN_22,COIN_23,0.6352785706097208
COIN_22,COIN_24,0.49244293040616
COIN_22,COIN_25,0.7633501194099335
COIN_22,COIN_26,0.5526218944658785
COIN_22,COIN_27,0.20934962959011255
COIN_22,COIN_28,0.08587076811116959
COIN_22,COIN_29,0.9295348153309122
COIN_22,COIN_30,0.608030486254715
COIN_22,COIN_31,0.04637363526737559
COIN_22,COIN_32,0.7620568236756229
COIN_22,COIN_33,0.32355951480324424
COIN_22,COIN_34,0.4632821097063908
COIN_22,COIN_35,0.14574086311854523
COIN_22,COIN_36,0.43914597905943703
COIN_22,COIN_37,0.656133806837289
COIN_22,COIN_38,0.7286024444878195
COIN_22,COIN_39,0.7674052622364221
COIN_22,COIN_40,1.5699439662872412
COIN_22,COIN_41,0.24587651177369
COIN_22,COIN_42,0.26301361426546715
COIN_22,COIN_43,0.630576160000817
COIN_22,COIN_44,0.3411043754919593
COIN_22,COIN_45,1.4238138734593886
COIN_22,COIN_46,0.9618300390233515
COIN_22,COIN_47,1.5275459826456717
COIN_22,COIN_48,0.6544072004766014
COIN_22,COIN_49,1.3440564641680952
COIN_23,COIN_0,0.002679199545033094
COIN_23,COIN_1,1.5262018185264163
COIN_23,COIN_2,0.6091627972017453
COIN_23,COIN_3,0.5612197415606615
COIN_23,COIN_4,1.3251901037330172
COIN_23,COIN_5,0.9246916471140024
COIN_23,COIN_6,1.3788963909699472
COIN_23,COIN_7,2.167783763353826
COIN_23,COIN_8,0.5496090501988076
COIN_23,COIN_9,2.136966701963406
COIN_23,COIN_10,0.006189268075655362
COIN_23,COIN_11,1.5408925643814226
COIN_23,COIN_12,0.4587898140332935
COIN_23,COIN_13,0.8540817299060027
COIN_23,COIN_14,0.0017304472197697401
COIN_23,COIN_15,0.004532276351711949
COIN_23,COIN_16,2.67762519578977
COIN_23,COIN_17,1.9746110794247675
COIN_23,COIN_18,2.3932839688364855
COIN_23,COIN_19,0.9460545562160476
COIN_23,COIN_20,0.6694076292287618
COIN_23,COIN_21,1.541749866651048
COIN_23,COIN_22,1.573584960016926
COIN_23,COIN_24,0.775399768824567
COIN_23,COIN_25,1.2017115081925076
COIN_23,COIN_26,0.8697219183765326
COIN_23,COIN_27,0.3294734435610771
COIN_23,COIN_28,0.13506312249875066
COIN_23,COIN_29,1.46285863650774
COIN_23,COIN_30,0.9569250252239628
COIN_23,COIN_31,0.07301864384397357
COIN_23,COIN_32,1.19918839992598
COIN_23,COIN_33,0.5091182336771887
COIN_23,COIN_34,0.7291469445097236
COIN_23,COIN_35,0.2293410248738714
COIN_23,COIN_36,0.6906621273488883
COIN_23,COIN_37,1.0323372229454548
COIN_23,COIN_38,1.1477741147746288
COIN_23,COIN_39,1.2069803082609576
COIN_23,COIN_40,2.470036650329797
COIN_23,COIN_41,0.38720060497295744
COIN_23,COIN_42,0.41377797900617475
COIN_23,COIN_43,0.9932098372666561
COIN_23,COIN_44,0.5367974697620811
COIN_23,COIN_45,2.2415905703319288
COIN_23,COIN_46,1.5139736955682062
COIN_23,COIN_47,2.4046920806360315
COIN_23,COIN_48,1.0299521413329713
COIN_23,COIN_49,2.117373857770637
COIN_24,COIN_0,0.003457762283298388
COIN_24,COIN_1,1.9707843734541384
COIN_24,COIN_2,0.785917621374066
COIN_24,COIN_3,0.7237279909596906
COIN_24,COIN_4,1.710973928465446
COIN_24,COIN_5,1.1931298912830317
COIN_24,COIN_6,1.7790570940443189
COIN_24,COIN_7,2.7958406849993067
COIN_24,COIN_8,0.7092839854718462
COIN_24,COIN_9,2.756845273468588
COIN_24,COIN_10,0.007981552493370238
COIN_24,COIN_11,1.9891080876482985
COIN_24,COIN_12,0.591845823654092
COIN_24,COIN_13,1.101641930803251
COIN_24,COIN_14,0.0022341561191344225
COIN_24,COIN_15,0.00584451107779487
COIN_24,COIN_16,3.453602504461957
COIN_24,COIN_17,2.547030261413592
COIN_24,COIN_18,3.088938650340123
COIN_24,COIN_19,1.2214548095977535
COIN_24,COIN_20,0.8636038288019477
COIN_24,COIN_21,1.9883050653143703
COIN_24,COIN_22,2.0315806784154136
COIN_24,COIN_23,1.2898028289444743
COIN_24,COIN_25,1.5502139552850869
COIN_24,COIN_26,1.122429716642656
COIN_24,COIN_27,0.42499312489646873
COIN_24,COIN_28,0.17433707241416949
COIN_24,COIN_29,1.8876460989920176
COIN_24,COIN_30,1.2337946982161956
COIN_24,COIN_31,0.09412295768103687
COIN_24,COIN_32,1.5465137651622374
COIN_24,COIN_33,0.6572302597328881
COIN_24,COIN_34,0.9404775736950587
COIN_24,COIN_35,0.29609145821463434
COIN_24,COIN_36,0.8914537127282397
COIN_24,COIN_37,1.332391540569057
COIN_24,COIN_38,1.4800882783539266
COIN_24,COIN_39,1.5582885081596756
COIN_24,COIN_40,3.188549028372997
COIN_24,COIN_41,0.4995614872484921
COIN_24,COIN_42,0.534182023828872
COIN_24,COIN_43,1.2809477841962214
COIN_24,COIN_44,0.6922704644079964
COIN_24,COIN_45,2.8898282997084106
COIN_24,COIN_46,1.9535190915348066
COIN_24,COIN_47,3.099898258662185
COIN_24,COIN_48,1.328050420519574
COIN_24,COIN_49,2.7297613179944227
COIN_25,COIN_0,0.0022313279399701464
COIN_25,COIN_1,1.2711088553985157
COIN_25,COIN_2,0.5065598126814337
COIN_25,COIN_3,0.46699837036502784
COIN_25,COIN_4,1.103722073209779
COIN_25,COIN_5,0.7695285294164049
COIN_25,COIN_6,1.1480959011721898
COIN_25,COIN_7,1.8045919040663403
COIN_25,COIN_8,0.45736357085460305
COIN_25,COIN_9,1.7788765302017902
COIN_25,COIN_10,0.005150102688346073
COIN_25,COIN_11,1.2817492179728764
COIN_25,COIN_12,0.3816181845934052
COIN_25,COIN_13,0.7108698732707012
COIN_25,COIN_14,0.0014404658752273929
COIN_25,COIN_15,0.0037718773277162095
COIN_25,COIN_16,2.2282452089341462
COIN_25,COIN_17,1.6425311877853501
COIN_25,COIN_18,1.9927629627072858
COIN_25,COIN_19,0.7879096508520366
COIN_25,COIN_20,0.5570195170612444
COIN_25,COIN_21,1.2825188098414722
COIN_25,COIN_22,1.309798028593942
COIN_25,COIN_23,0.8322922684381148
COIN_25,COIN_24,0.6450972900039925
COIN_25,COIN_26,0.7239442886944719
COIN_25,COIN_27,0.27422169916548106
COIN_25,COIN_28,0.11247917293013207
COIN_25,COIN_29,1.2174366144753628
COIN_25,COIN_30,0.7957205319454164
COIN_25,COIN_31,0.06071360776528975
COIN_25,COIN_32,0.9973920857182716
COIN_25,COIN_33,0.4240562936681817
COIN_25,COIN_34,0.6069213560449884
COIN_25,COIN_35,0.1909831779792005
COIN_25,COIN_36,0.5747754856580153
COIN_25,COIN_37,0.8596644386980216
COIN_25,COIN_38,0.9546165531731692
COIN_25,COIN_39,1.0045161476112634
COIN_25,COIN_40,2.055686533138833
COIN_25,COIN_41,0.3221846245774571
COIN_25,COIN_42,0.34464224694757023
COIN_25,COIN_43,0.8263351785709335
COIN_25,COIN_44,0.4464823798615876
COIN_25,COIN_45,1.863613953704561
COIN_25,COIN_46,1.2600626335962206
COIN_25,COIN_47,2.0009600668531458
COIN_25,COIN_48,0.8572067997910803
COIN_25,COIN_49,1.7614391436036958
COIN_26,COIN_0,0.00308268838507169
COIN_26,COIN_1,1.7559210639558098
COIN_26,COIN_2,0.7000613651857918
COIN_26,COIN_3,0.6447832188946768
COIN_26,COIN_4,1.5241919219328466
COIN_26,COIN_5,1.0637767163522323
COIN_26,COIN_6,1.5867362892983492
COIN_26,COIN_7,2.4915217129194036
COIN_26,COIN_8,0.6316501285833445
COIN_26,COIN_9,2.457504631560734
COIN_26,COIN_10,0.0071196373970437805
COIN_26,COIN_11,1.7724601436199572
COIN_26,COIN_12,0.5271968856334237
COIN_26,COIN_13,0.9820944055108912
COIN_26,COIN_14,0.0019899252826108176
COIN_26,COIN_15,0.005208902775206917
COIN_26,COIN_16,3.078968307016005
COIN_26,COIN_17,2.2707528005350395
COIN_26,COIN_18,2.7525928330742464
COIN_26,COIN_19,1.0888200099958714
COIN_26,COIN_20,0.7695266876649969
COIN_26,COIN_21,1.7725046670170854
COIN_26,COIN_22,1.8095219348021525
COIN_26,COIN_23,1.1496366325643197
COIN_26,COIN_24,0.8910877282746541
COIN_26,COIN_25,1.3815841105025788
COIN_26,COIN_27,0.3787679967539894
COIN_26,COIN_28,0.1553602375555022
COIN_26,COIN_29,1.6809466893831797
COIN_26,COIN_30,1.1003561908984973
COIN_26,COIN_31,0.08394825145094247
COIN_26,COIN_32,1.3786350360493773
COIN_26,COIN_33,0.5854374047216742
COIN_26,COIN_34,0.8385463712731189
COIN_26,COIN_35,0.26384859549067535
COIN_26,COIN_36,0.7946618828680749
COIN_26,COIN_37,1.1868137832583634
COIN_26,COIN_38,1.318741708042127
COIN_26,COIN_39,1.3888420894853968
COIN_26,COIN_40,2.842333593484844
COIN_26,COIN_41,0.44509638198991924
COIN_26,COIN_42,0.47596629878972463
COIN_26,COIN_43,1.1415232109588107
COIN_26,COIN_44,0.617133912622189
COIN_26,COIN_45,2.576382029637341
COIN_26,COIN_46,1.7413458786982738
COIN_26,COIN_47,2.765610616609484
COIN_26,COIN_48,1.1840472646235862
COIN_26,COIN_49,2.433877521405672
COIN_27,COIN_0,0.008136034156986266
COIN_27,COIN_1,4.633817285453302
COIN_27,COIN_2,1.8477453764439427
COIN_27,COIN_3,1.7021547002463375
COIN_27,COIN_4,4.025584323019898
COIN_27,COIN_5,2.8084197419298262
COIN_27,COIN_6,4.186466305301238
COIN_27,COIN_7,6.576595685541287
COIN_27,COIN_8,1.6678319803628043
COIN_27,COIN_9,6.488671860579581
COIN_27,COIN_10,0.01877922220547506
COIN_27,COIN_11,4.676942106088047
COIN_27,COIN_12,1.3913790679662104
COIN_27,COIN_13,2.592815890186968
COIN_27,COIN_14,0.005256363146619263
COIN_27,COIN_15,0.013751556889835651
COIN_27,COIN_16,8.130817694640772
COIN_27,COIN_17,5.99100981475641
COIN_27,COIN_18,7.26479480163869
COIN_27,COIN_19,2.873661990578124
COIN_27,COIN_20,2.031810940872053
COIN_27,COIN_21,4.678057811692945
COIN_27,COIN_22,4.777409271414978
COIN_27,COIN_23,3.036600359048706
COIN_27,COIN_24,2.3525174632271773
COIN_27,COIN_25,3.6455945436389214
COIN_27,COIN_26,2.6391405030171797
COIN_27,COIN_28,0.4099465081664476
COIN_27,COIN_29,4.436746650643771
COIN_27,COIN_30,2.9033790650225657
COIN_27,COIN_31,0.22156592726062924
COIN_27,COIN_32,3.6402147009165016
COIN_27,COIN_33,1.5460419411476805
COIN_27,COIN_34,2.2117880596869406
COIN_27,COIN_35,0.6959910804713567
COIN_27,COIN_36,2.0980770690008077
COIN_27,COIN_37,3.135257518875273
COIN_27,COIN_38,3.4839541952020094
COIN_27,COIN_39,3.6641592490997485
COIN_27,COIN_40,7.501164354120611
COIN_27,COIN_41,1.1756518565063987
COIN_27,COIN_42,1.256153565335256
COIN_27,COIN_43,3.014392961874493
COIN_27,COIN_44,1.6297543118291187
COIN_27,COIN_45,6.7988536191768745
COIN_27,COIN_46,4.59262169969268
COIN_27,COIN_47,7.299460434119032
COIN_27,COIN_48,3.125502678193356
COIN_27,COIN_49,6.425377174810802
COIN_28,COIN_0,0.019828023558992585
COIN_28,COIN_1,11.29774421785038
COIN_28,COIN_2,4.5072973574254345
COIN_28,COIN_3,4.151789378283992
COIN_28,COIN_4,9.80914831279667
COIN_28,COIN_5,6.843996524614472
COIN_28,COIN_6,10.211590741333572
COIN_28,COIN_7,16.04320738541978
COIN_28,COIN_8,4.06547974786086
COIN_28,COIN_9,15.822536616715967
COIN_28,COIN_10,0.04581483737712511
COIN_28,COIN_11,11.409836212037487
COIN_28,COIN_12,3.392969624963895
COIN_28,COIN_13,6.317845722904794
COIN_28,COIN_14,0.012812308628931266
COIN_28,COIN_15,0.033516246657471695
COIN_28,COIN_16,19.823126440375034
COIN_28,COIN_17,14.61639746112874
COIN_28,COIN_18,17.720666741521228
COIN_28,COIN_19,7.004538203842721
COIN_28,COIN_20,4.95241362156859
COIN_28,COIN_21,11.408950864098648
COIN_28,COIN_22,11.643729099683998
COIN_28,COIN_23,7.401184670474876
COIN_28,COIN_24,5.736415698877165
COIN_28,COIN_25,8.896296570994066
COIN_28,COIN_26,6.436443734040337
COIN_28,COIN_27,2.4388174213575344
COIN_28,COIN_29,10.827104498202498
COIN_28,COIN_30,7.077384092791204
COIN_28,COIN_31,0.5399822777292427
COIN_28,COIN_32,8.873722086579122
COIN_28,COIN_33,3.768532095753435
COIN_28,COIN_34,5.396678901168304
COIN_28,COIN_35,1.697080696250582
COIN_28,COIN_36,5.11346597963068
COIN_28,COIN_37,7.642557665598748
COIN_28,COIN_38,8.488263330113876
COIN_28,COIN_39,8.934765127718428
COIN_28,COIN_40,18.286601617143226
COIN_28,COIN_41,2.866431165670883
COIN_28,COIN_42,3.065033831705831
COIN_28,COIN_43,7.346312136621611
COIN_28,COIN_44,3.9706733014456876
COIN_28,COIN_45,16.584132103840602
COIN_28,COIN_46,11.19861645863857
COIN_28,COIN_47,17.782746669142508
COIN_28,COIN_48,7.621202300184553
COIN_28,COIN_49,15.670537160347878
COIN_29,COIN_0,0.001832903553314721
COIN_29,COIN_1,1.0435412769851273
COIN_29,COIN_2,0.4163984214141444
COIN_29,COIN_3,0.3836775577218501
COIN_29,COIN_4,0.9063019731483783
COIN_29,COIN_5,0.6325842497841562
COIN_29,COIN_6,0.94357375807752
COIN_29,COIN_7,1.482207473695737
COIN_29,COIN_8,0.3758198094473603
COIN_29,COIN_9,1.4612896382027418
COIN_29,COIN_10,0.004230167455405749
COIN_29,COIN_11,1.0534555864250585
COIN_29,COIN_12,0.31361870655152796
COIN_29,COIN_13,0.5836837901562915
COIN_29,COIN_14,0.0011841507768047608
COIN_29,COIN_15,0.003097051224813789
COIN_29,COIN_16,1.8318870739467272
COIN_29,COIN_17,1.3505716725490144
COIN_29,COIN_18,1.6367771978366537
COIN_29,COIN_19,0.6473840969511627
COIN_29,COIN_20,0.4573690357343776
COIN_29,COIN_21,1.0537888231185961
COIN_29,COIN_22,1.075879170591187
COIN_29,COIN_23,0.6834251624276778
COIN_29,COIN_24,0.5298650654890414
COIN_29,COIN_25,0.8213286420852026
COIN_29,COIN_26,0.5945389210520802
COIN_29,COIN_27,0.22533814010766182
COIN_29,COIN_28,0.09238123964520467
COIN_29,COIN_30,0.6537558016205502
COIN_29,COIN_31,0.04989229279032536
COIN_29,COIN_32,0.8194534612003171
COIN_29,COIN_33,0.3481439467706466
COIN_29,COIN_34,0.49870273226094747
COIN_29,COIN_35,0.15691539017556375
COIN_29,COIN_36,0.47242927567404286
COIN_29,COIN_37,0.7063580542744037
COIN_29,COIN_38,0.7846820725865111
COIN_29,COIN_39,0.8255560852128284
COIN_29,COIN_40,1.6884740933551552
COIN_29,COIN_41,0.26467030564976163
COIN_29,COIN_42,0.28313893713488414
COIN_29,COIN_43,0.6787023103267789
COIN_29,COIN_44,0.36718032407647055
COIN_29,COIN_45,1.5316099084927925
COIN_29,COIN_46,1.0346049629458143
COIN_29,COIN_47,1.643101371739523
COIN_29,COIN_48,0.7042448197981203
COIN_29,COIN_49,1.4477757816304937
COIN_30,COIN_0,0.002801168909710355
COIN_30,COIN_1,1.5968674219429213
COIN_30,COIN_2,0.6365861292945302
COIN_30,COIN_3,0.586358484967692
COIN_30,COIN_4,1.3859141759604614
COIN_30,COIN_5,0.9672618236365493
COIN_30,COIN_6,1.4425481257434356
COIN_30,COIN_7,2.2649482802774923
COIN_30,COIN_8,0.5744078702324235
COIN_30,COIN_9,2.2327601396714107
COIN_30,COIN_10,0.006468797457893648
COIN_30,COIN_11,1.6113351920959287
COIN_30,COIN_12,0.47951486029956375
COIN_30,COIN_13,0.8931601909628246
COIN_30,COIN_14,0.0018102515682592779
COIN_30,COIN_15,0.004734294391418241
COIN_30,COIN_16,2.798805702590505
COIN_30,COIN_17,2.0643734395133477
COIN_30,COIN_18,2.502728156383227
COIN_30,COIN_19,0.9892766310270554
COIN_30,COIN_20,0.6994033385002991
COIN_30,COIN_21,1.611244929992522
COIN_30,COIN_22,1.64508967036606
COIN_30,COIN_23,1.0452382083893175
COIN_30,COIN_24,0.8100870347955406
COIN_30,COIN_25,1.2556305421392724
COIN_30,COIN_26,0.9091560291303469
COIN_30,COIN_27,0.34437667091833596
COIN_30,COIN_28,0.1412769526236067
COIN_30,COIN_29,1.529081964688542
COIN_30,COIN_31,0.0763087150868055
COIN_30,COIN_32,1.2536292293959603
COIN_30,COIN_33,0.5326689190628716
COIN_30,COIN_34,0.7622044559005744
COIN_30,COIN_35,0.23969841849846274
COIN_30,COIN_36,0.7222454434063358
COIN_30,COIN_37,1.078997688089464
COIN_30,COIN_38,1.1992727448176137
COIN_30,COIN_39,1.2619359800843044
COIN_30,COIN_40,2.5836335664261596
COIN_30,COIN_41,0.4047845236108704
COIN_30,COIN_42,0.4325595930082308
COIN_30,COIN_43,1.0378525841072062
COIN_30,COIN_44,0.5611712849349699
COIN_30,COIN_45,2.341927895920299
COIN_30,COIN_46,1.582330052057506
COIN_30,COIN_47,2.5123640399012843
COIN_30,COIN_48,1.076098347119589
COIN_30,COIN_49,2.211752755611248
COIN_31,COIN_0,0.03670549831482463
COIN_31,COIN_1,20.928100967028584
COIN_31,COIN_2,8.347803591479877
COIN_31,COIN_3,7.68864860370451
COIN_31,COIN_4,18.16871178412398
COIN_31,COIN_5,12.670314693522311
COIN_31,COIN_6,18.91011536006301
COIN_31,COIN_7,29.690319734010572
COIN_31,COIN_8,7.52564720299403
COIN_31,COIN_9,29.278771126827156
COIN_31,COIN_10,0.08478891984783893
COIN_31,COIN_11,21.11076814318221
COIN_31,COIN_12,6.286062536584035
COIN_31,COIN_13,11.697434785103265
COIN_31,COIN_14,0.023711854607021854
COIN_31,COIN_15,0.062054039884639575
COIN_31,COIN_16,36.69106486868935
COIN_31,COIN_17,27.05489108298978
COIN_31,COIN_18,32.795619972120974
COIN_31,COIN_19,12.96767095115689
COIN_31,COIN_20,9.171835171734498
COIN_31,COIN_21,21.108030212526376
COIN_31,COIN_22,21.557382236383372
COIN_31,COIN_23,13.700317660517971
COIN_31,COIN_24,10.624391316801658
COIN_31,COIN_25,16.468745255992854
COIN_31,COIN_26,11.914550008005124
COIN_31,COIN_27,4.512741587573873
COIN_31,COIN_28,1.8519306191181915
COIN_31,COIN_29,20.031468715200763
COIN_31,COIN_30,13.11113222204063
COIN_31,COIN_32,16.420382659554154
COIN_31,COIN_33,6.97704066973907
COIN_31,COIN_34,9.99101135934703
COIN_31,COIN_35,3.14295797463359
COIN_31,COIN_36,9.466868437190653
COIN_31,COIN_37,14.148154403736317
COIN_31,COIN_38,15.715212190328117
COIN_31,COIN_39,16.54123535780529
COIN_31,COIN_40,33.84077291268808
COIN_31,COIN_41,5.302336384715003
COIN_31,COIN_42,5.6743135502167314
COIN_31,COIN_43,13.604783076474744
COIN_31,COIN_44,7.354141601642045
COIN_31,COIN_45,30.700733102468313
COIN_31,COIN_46,20.73530490188014
COIN_31,COIN_47,32.9406801089216
COIN_31,COIN_48,14.111078972475614
COIN_31,COIN_49,28.99597778694282
COIN_32,COIN_0,0.0022349129693437996
COIN_32,COIN_1,1.273412061023074
COIN_32,COIN_2,0.5077195071849763
COIN_32,COIN_3,0.46804968584932044
COIN_32,COIN_4,1.1059744069108177
COIN_32,COIN_5,0.7718110962264978
COIN_32,COIN_6,1.151195484721976
COIN_32,COIN_7,1.8074168011315455
COIN_32,COIN_8,0.45852323120532484
COIN_32,COIN_9,1.7824214278483679
COIN_32,COIN_10,0.005163162139145677
COIN_32,COIN_11,1.284812329448587
COIN_32,COIN_12,0.38247811207050064
COIN_32,COIN_13,0.7121483036755425
COIN_32,COIN_14,0.0014447265219334612
COIN_32,COIN_15,0.003778707778727825
COIN_32,COIN_16,2.2339137709681407
COIN_32,COIN_17,1.6466153952363272
COIN_32,COIN_18,1.9961642678327474
COIN_32,COIN_19,0.7894142560019489
COIN_32,COIN_20,0.5581547342825997
COIN_32,COIN_21,1.2850738298973785
COIN_32,COIN_22,1.3124004820332145
COIN_32,COIN_23,0.833947147400898
COIN_32,COIN_24,0.6464841443432019
COIN_32,COIN_25,1.0022291153744465
COIN_32,COIN_26,0.7250337861057504
COIN_32,COIN_27,0.2748143998750705
COIN_32,COIN_28,0.11271190279172646
COIN_32,COIN_29,1.2200080411335967
COIN_32,COIN_30,0.7978997306377434
COIN_32,COIN_31,0.060871146147340106
COIN_32,COIN_33,0.4247487352197574
COIN_32,COIN_34,0.6083839807881529
COIN_32,COIN_35,0.19134840386658686
COIN_32,COIN_36,0.5760422092268597
COIN_32,COIN_37,0.861390770779541
COIN_32,COIN_38,0.9573428267399293
COIN_32,COIN_39,1.007525842270543
COIN_32,COIN_40,2.0604422249537033
COIN_32,COIN_41,0.3227785052363563
COIN_32,COIN_42,0.34520374237597495
COIN_32,COIN_43,0.8279038523624822
COIN_32,COIN_44,0.4478666613686479
COIN_32,COIN_45,1.8681409118887484
COIN_32,COIN_46,1.2629666612533181
COIN_32,COIN_47,2.00449097653415
COIN_32,COIN_48,0.8589020765327587
COIN_32,COIN_49,1.7660634641840707
COIN_33,COIN_0,0.005259666981029094
COIN_33,COIN_1,2.9965897276169953
COIN_33,COIN_2,1.1961626574815545
COIN_33,COIN_3,1.1013524937012718
COIN_33,COIN_4,2.602044400413518
COIN_33,COIN_5,1.8152932796529795
COIN_33,COIN_6,2.7081351389388573
COIN_33,COIN_7,4.2559507374030385
COIN_33,COIN_8,1.0788267725896319
COIN_33,COIN_9,4.194123407548331
COIN_33,COIN_10,0.012157996968721302
COIN_33,COIN_11,3.0264784696058022
COIN_33,COIN_12,0.9002217687872017
COIN_33,COIN_13,1.6774523838272886
COIN_33,COIN_14,0.0034005016559024996
COIN_33,COIN_15,0.008895439269319086
COIN_33,COIN_16,5.258163358505647
COIN_33,COIN_17,3.8756045861285955
COIN_33,COIN_18,4.699902333182619
COIN_33,COIN_19,1.858129366825954
COIN_33,COIN_20,1.313408765778131
COIN_33,COIN_21,3.026362353362604
COIN_33,COIN_22,3.088827891510162
COIN_33,COIN_23,1.963222292582612
COIN_33,COIN_24,1.52184598270839
COIN_33,COIN_25,2.359351833965813
COIN_33,COIN_26,1.7081472945075735
COIN_33,COIN_27,0.6469029952995394
COIN_33,COIN_28,0.26530412279027477
COIN_33,COIN_29,2.8705361507401617
COIN_33,COIN_30,1.8783824298970175
COIN_33,COIN_31,0.1433490600902567
COIN_33,COIN_32,2.353603587526638
COIN_33,COIN_34,1.431692424002283
COIN_33,COIN_35,0.4503503125448268
COIN_33,COIN_36,1.3570538860779462
COIN_33,COIN_37,2.0280739852106753
COIN_33,COIN_38,2.2530320840097913
COIN_33,COIN_39,2.3720165323093543
COIN_33,COIN_40,4.85299675700386
COIN_33,COIN_41,0.7601087275286587
COIN_33,COIN_42,0.8123543079104457
COIN_33,COIN_43,1.9499031708289576
COIN_33,COIN_44,1.0535597513704251
COIN_33,COIN_45,4.398224408980329
COIN_33,COIN_46,2.973065477333925
COIN_33,COIN_47,4.718515844673917
COIN_33,COIN_48,2.02131622853737
COIN_33,COIN_49,4.155315774250974
COIN_34,COIN_0,0.0036772366756124804
COIN_34,COIN_1,2.095128133652386
COIN_34,COIN_2,0.8354317282946593
COIN_34,COIN_3,0.769702468426104
COIN_34,COIN_4,1.8184156215035663
COIN_34,COIN_5,1.2691500045595208
COIN_34,COIN_6,1.8931212258750674
COIN_34,COIN_7,2.9742088345819924
COIN_34,COIN_8,0.7535523773847991
COIN_34,COIN_9,2.9303795869859735
COIN_34,COIN_10,0.008492434727515081
COIN_34,COIN_11,2.1130557458813146
COIN_34,COIN_12,0.6292284958701574
COIN_34,COIN_13,1.1710711662301925
COIN_34,COIN_14,0.0023740929756629284
COIN_34,COIN_15,0.006213525687303074
COIN_34,COIN_16,3.67535664935639
COIN_34,COIN_17,2.709128750527891
COIN_34,COIN_18,3.284979202988561
COIN_34,COIN_19,1.2978082463421845
COIN_34,COIN_20,0.9174150819407708
COIN_34,COIN_21,2.114990718115482
COIN_34,COIN_22,2.159993175431835
COIN_34,COIN_23,1.3713951222911138
COIN_34,COIN_24,1.0633490823071745
COIN_34,COIN_25,1.647938145814231
COIN_34,COIN_26,1.1924011695159287
COIN_34,COIN_27,0.4518710109067876
COIN_34,COIN_28,0.1852498125746013
COIN_34,COIN_29,2.006553964139567
COIN_34,COIN_30,1.312174120394521
COIN_34,COIN_31,0.10015679951293384
COIN_34,COIN_32,1.6447521451880285
COIN_34,COIN_33,0.6986510480954223
COIN_34,COIN_35,0.3146460661461653
COIN_34,COIN_36,0.9477742384556979
COIN_34,COIN_37,1.4162014706056596
COIN_34,COIN_38,1.574218689386104
COIN_34,COIN_39,1.656621648544314
COIN_34,COIN_40,3.3892226706492097
COIN_34,COIN_41,0.5309267570282074
COIN_34,COIN_42,0.5677820484652827
COIN_34,COIN_43,1.3624110431154381
COIN_34,COIN_44,0.7364848749485701
COIN_34,COIN_45,3.071970265556975
COIN_34,COIN_46,2.0769940005357688
COIN_34,COIN_47,3.2977842066293532
COIN_34,COIN_48,1.411851396319062
COIN_34,COIN_49,2.9021992239533247
COIN_35,COIN_0,0.011684177773198117
COIN_35,COIN_1,6.655218092316985
COIN_35,COIN_2,2.6558435905981
COIN_35,COIN_3,2.4464599229940456
COIN_35,COIN_4,5.780464239902396
COIN_35,COIN_5,4.032361268796114
COIN_35,COIN_6,6.012446359038184
COIN_35,COIN_7,9.446727674120183
COIN_35,COIN_8,2.395013196942551
COIN_35,COIN_9,9.312192445209163
COIN_35,COIN_10,0.026971407767582473
COIN_35,COIN_11,6.714626745714452
COIN_35,COIN_12,1.999055247319191
COIN_35,COIN_13,3.723066560491344
COIN_35,COIN_14,0.007544095538677237
COIN_35,COIN_15,0.019749519978622114
COIN_35,COIN_16,11.671457697732492
COIN_35,COIN_17,8.609005030591973
COIN_35,COIN_18,10.442923684315621
COIN_35,COIN_19,4.127330136876706
COIN_35,COIN_20,2.918257327824138
COIN_35,COIN_21,6.719615046069518
COIN_35,COIN_22,6.860759865030434
COIN_35,COIN_23,4.3587837325018235
COIN_35,COIN_24,3.3778643254027108
COIN_35,COIN_25,5.2410927808747045
COIN_35,COIN_26,3.7925351673612897
COIN_35,COIN_27,1.436930971475988
COIN_35,COIN_28,0.5889202049071961
COIN_35,COIN_29,6.377482584835314
COIN_35,COIN_30,4.170086075885392
COIN_35,COIN_31,0.3180897923435557
COIN_35,COIN_32,5.227718007099463
COIN_35,COIN_33,2.2200901019664103
COIN_35,COIN_34,3.1780039676652145
COIN_35,COIN_36,3.0120166701768616
COIN_35,COIN_37,4.502162411308057
COIN_35,COIN_38,5.003214631931548
COIN_35,COIN_39,5.263599214233176
COIN_35,COIN_40,10.773972094098742
COIN_35,COIN_41,1.6881255069796413
COIN_35,COIN_42,1.8046860674902538
COIN_35,COIN_43,4.327512613674091
COIN_35,COIN_44,2.3401085315030277
COIN_35,COIN_45,9.766127669637369
COIN_35,COIN_46,6.5957684064888324
COIN_35,COIN_47,10.47607821929768
COIN_35,COIN_48,4.490783961696261
COIN_35,COIN_49,9.229040120137423
COIN_36,COIN_0,0.0038777407464448263
COIN_36,COIN_1,2.2096145674626286
COIN_36,COIN_2,0.881090602464922
COIN_36,COIN_3,0.8117996991484645
COIN_36,COIN_4,1.9189935709454757
COIN_36,COIN_5,1.3386490565493077
COIN_36,COIN_6,1.9955859391370367
COIN_36,COIN_7,3.1375897413891733
COIN_36,COIN_8,0.7951404180401318
COIN_36,COIN_9,3.0940992519929393
COIN_36,COIN_10,0.008959541939820246
COIN_36,COIN_11,2.231077576310633
COIN_36,COIN_12,0.6636170050563864
COIN_36,COIN_13,1.2357966347202909
COIN_36,COIN_14,0.0025048274159203653
COIN_36,COIN_15,0.006553742886086203
COIN_36,COIN_16,3.8755196184126004
COIN_36,COIN_17,2.8580184135827356
COIN_36,COIN_18,3.4638255222756213
COIN_36,COIN_19,1.369989617342621
COIN_36,COIN_20,0.968729414899095
COIN_36,COIN_21,2.2298539003770217
COIN_36,COIN_22,2.278729590778014
COIN_36,COIN_23,1.4476094213027306
COIN_36,COIN_24,1.1221592301388312
COIN_36,COIN_25,1.738754147757161
COIN_36,COIN_26,1.2587807223660317
COIN_36,COIN_27,0.47675018380520456
COIN_36,COIN_28,0.19545896347787323
COIN_36,COIN_29,2.1175397371967737
COIN_36,COIN_30,1.3848397720210284
COIN_36,COIN_31,0.1056069279142945
COIN_36,COIN_32,1.734363489588022
COIN_36,COIN_33,0.7370754408689003
COIN_36,COIN_34,1.055579183433393
COIN_36,COIN_35,0.3321435588160478
COIN_36,COIN_37,1.4950377308925877
COIN_36,COIN_38,1.6609445355776717
COIN_36,COIN_39,1.747653922706934
COIN_36,COIN_40,3.576992312057757
COIN_36,COIN_41,0.5603565524910981
COIN_36,COIN_42,0.5989203320349173
COIN_36,COIN_43,1.4369553822839263
COIN_36,COIN_44,0.7765063114316054
COIN_36,COIN_45,3.2418173180487795
COIN_36,COIN_46,2.191382343077663
COIN_36,COIN_47,3.478493361966958
COIN_36,COIN_48,1.4903405539547518
COIN_36,COIN_49,3.061845456834354
COIN_37,COIN_0,0.0025950886922301328
COIN_37,COIN_1,1.479132885440684
COIN_37,COIN_2,0.5896680026607395
COIN_37,COIN_3,0.5432075708716924
COIN_37,COIN_4,1.2838861503310053
COIN_37,COIN_5,0.8959537698665849
COIN_37,COIN_6,1.336022062163273
COIN_37,COIN_7,2.0991616847898125
COIN_37,COIN_8,0.5320405132015869
COIN_37,COIN_9,2.0687368160130677
COIN_37,COIN_10,0.005995459052380484
COIN_37,COIN_11,1.4928339340751653
COIN_37,COIN_12,0.44401096078000685
COIN_37,COIN_13,0.8273308324477942
COIN_37,COIN_14,0.001676557333718513
COIN_37,COIN_15,0.004387713381223727
COIN_37,COIN_16,2.5930240503898943
COIN_37,COIN_17,1.912803835669692
COIN_37,COIN_18,2.318225900680931
COIN_37,COIN_19,0.9164713224509617
COIN_37,COIN_20,0.647978388403814
COIN_37,COIN_21,1.49218584699795
COIN_37,COIN_22,1.5240698250438496
COIN_37,COIN_23,0.9688178700442285
COIN_37,COIN_24,0.7503667079548711
COIN_37,COIN_25,1.16387974015141
COIN_37,COIN_26,0.841789181102732
COIN_37,COIN_27,0.3192153898473042
COIN_37,COIN_28,0.1308705348120193
COIN_37,COIN_29,1.4168487542308916
COIN_37,COIN_30,0.9264164853129596
COIN_37,COIN_31,0.07070318713895186
COIN_37,COIN_32,1.1606429010928376
COIN_37,COIN_33,0.4930880213005191
COIN_37,COIN_34,0.705759710219098
COIN_37,COIN_35,0.22209116251170088
COIN_37,COIN_36,0.6692357230316324
COIN_37,COIN_38,1.1113783995452067
COIN_37,COIN_39,1.1693057495785315
COIN_37,COIN_40,2.3930584406297197
COIN_37,COIN_41,0.3747733325876447
COIN_37,COIN_42,0.4007529470318269
COIN_37,COIN_43,0.9618203642782069
COIN_37,COIN_44,0.5196486301472976
COIN_37,COIN_45,2.1700013806968705
COIN_37,COIN_46,1.4664275056949194
COIN_37,COIN_47,2.3286597774282303
COIN_37,COIN_48,0.9969102326925798
COIN_37,COIN_49,2.0488025652555977
COIN_38,COIN_0,0.002336991838003726
COIN_38,COIN_1,1.3308388662592494
COIN_38,COIN_2,0.5308288830587269
COIN_38,COIN_3,0.48913678658127213
COIN_38,COIN_4,1.1552890380085394
COIN_38,COIN_5,0.8063135136602783
COIN_38,COIN_6,1.2021805099853717
COIN_38,COIN_7,1.8890316802174851
COIN_38,COIN_8,0.4788107501028265
COIN_38,COIN_9,1.8628939357579437
COIN_38,COIN_10,0.005395034836732015
COIN_38,COIN_11,1.343687881409913
COIN_38,COIN_12,0.3996895129890256
COIN_38,COIN_13,0.7442122401775095
COIN_38,COIN_14,0.0015095844540955958
COIN_38,COIN_15,0.003947867426484044
COIN_38,COIN_16,2.333332249574802
COIN_38,COIN_17,1.7209945808617084
COIN_38,COIN_18,2.087773462544136
COIN_38,COIN_19,0.8247443644284098
COIN_38,COIN_20,0.5834870012779587
COIN_38,COIN_21,1.3429042367736495
COIN_38,COIN_22,1.3715850646883674
COIN_38,COIN_23,0.8716750610739896
COIN_38,COIN_24,0.6756837959335225
COIN_38,COIN_25,1.0472793013039199
COIN_38,COIN_26,0.7577170206443073
COIN_38,COIN_27,0.28728386833127045
COIN_38,COIN_28,0.11772712459028604
COIN_38,COIN_29,1.274419491420663
COIN_38,COIN_30,0.8339403670781292
COIN_38,COIN_31,0.06360504228241913
COIN_38,COIN_32,1.0454226748343383
COIN_38,COIN_33,0.44385717206527897
COIN_38,COIN_34,0.6355406047304268
COIN_38,COIN_35,0.19996762466055296
COIN_38,COIN_36,0.6020394501223596
COIN_38,COIN_37,0.9000393327732283
COIN_38,COIN_39,1.0523591303141397
COIN_38,COIN_40,2.154053492421574
COIN_38,COIN_41,0.33753726717245225
COIN_38,COIN_42,0.3608866013177321
COIN_38,COIN_43,0.865573018415207
COIN_38,COIN_44,0.467979330400978
COIN_38,COIN_45,1.9519036676396972
COIN_38,COIN_46,1.3193447609195508
COIN_38,COIN_47,2.0942506652126607
COIN_38,COIN_48,0.8974282614981718
COIN_38,COIN_49,1.8437160899219558
COIN_39,COIN_0,0.0022196360040633105
COIN_39,COIN_1,1.2640531475379189
COIN_39,COIN_2,0.5042073792922095
COIN_39,COIN_3,0.4647613126790699
COIN_39,COIN_4,1.0980515546255358
COIN_39,COIN_5,0.7659419915975102
COIN_39,COIN_6,1.1427277558382904
COIN_39,COIN_7,1.7955241130027284
COIN_39,COIN_8,0.4552518043100701
COIN_39,COIN_9,1.769263965621229
COIN_39,COIN_10,0.005125780080575409
COIN_39,COIN_11,1.2757378181711212
COIN_39,COIN_12,0.3797999199169305
COIN_39,COIN_13,0.7071817842389937
COIN_39,COIN_14,0.001433198158147694
COIN_39,COIN_15,0.003749815826307182
COIN_39,COIN_16,2.218761563850804
COIN_39,COIN_17,1.6343684649789059
COIN_39,COIN_18,1.9836480939666987
COIN_39,COIN_19,0.783732765052412
COIN_39,COIN_20,0.5540132934546195
COIN_39,COIN_21,1.2768415262757336
COIN_39,COIN_22,1.3029188706278703
COIN_39,COIN_23,0.8278615788351036
COIN_39,COIN_24,0.6417493033785348
COIN_39,COIN_25,0.995526907358839
COIN_39,COIN_26,0.7204936100984224
COIN_39,COIN_27,0.27286141878558673
COIN_39,COIN_28,0.11187255715456398
COIN_39,COIN_29,1.2105522635330226
COIN_39,COIN_30,0.7922328952103844
COIN_39,COIN_31,0.06041618283082142
COIN_39,COIN_32,0.9926357108498807
COIN_39,COIN_33,0.42157067959700945
COIN_39,COIN_34,0.6039323662231664
COIN_39,COIN_35,0.19004758055910037
COIN_39,COIN_36,0.5720321758240857
COIN_39,COIN_37,0.8549760236297113
COIN_39,COIN_38,0.9497393061710536
COIN_39,COIN_40,2.0466383244539506
COIN_39,COIN_41,0.3204635689041979
COIN_39,COIN_42,0.34273451178888253
COIN_39,COIN_43,0.8224672919700481
COIN_39,COIN_44,0.44456770943373575
COIN_39,COIN_45,1.8550439896406095
COIN_39,COIN_46,1.253350633653237
COIN_39,COIN_47,1.9909621701187432
COIN_39,COIN_48,0.8530370272213592
COIN_39,COIN_49,1.752327675825297
COIN_40,COIN_0,0.0010847323896245142
COIN_40,COIN_1,0.6179027369023086
COIN_40,COIN_2,0.24652479525672874
COIN_40,COIN_3,0.2269585604111588
COIN_40,COIN_4,0.5364171473461138
COIN_40,COIN_5,0.37451079757712563
COIN_40,COIN_6,0.5581324998628129
COIN_40,COIN_7,0.8772430444405439
COIN_40,COIN_8,0.2223417762247033
COIN_40,COIN_9,0.8647627407960806
COIN_40,COIN_10,0.002506237063823776
COIN_40,COIN_11,0.6234349993702313
COIN_40,COIN_12,0.18557510256495258
COIN_40,COIN_13,0.3457709740713008
COIN_40,COIN_14,0.0007004612768669226
COIN_40,COIN_15,0.001834578396807528
COIN_40,COIN_16,1.0838787089557365
COIN_40,COIN_17,0.7991929651043218
COIN_40,COIN_18,0.9687727413426682
COIN_40,COIN_19,0.3830626950300711
COIN_40,COIN_20,0.27091653758980394
COIN_40,COIN_21,0.6236049208328764
COIN_40,COIN_22,0.6368531032077206
COIN_40,COIN_23,0.4046823257692182
COIN_40,COIN_24,0.3136136237477777
COIN_40,COIN_25,0.4864920879555376
COIN_40,COIN_26,0.3520554387686281
COIN_40,COIN_27,0.1333036620992382
COIN_40,COIN_28,0.05471592451307146
COIN_40,COIN_29,0.5917035088997444
COIN_40,COIN_30,0.38723291163794504
COIN_40,COIN_31,0.02954969423124617
COIN_40,COIN_32,0.4854826331858169
COIN_40,COIN_33,0.20609055238833976
COIN_40,COIN_34,0.29519970700086506
COIN_40,COIN_35,0.09288914335214801
COIN_40,COIN_36,0.2796057398773071
COIN_40,COIN_37,0.4180836637136074
COIN_40,COIN_38,0.4646246832970893
COIN_40,COIN_39,0.48866944613642926
COIN_40,COIN_41,0.1567501099149998
COIN_40,COIN_42,0.16752158682416018
COIN_40,COIN_43,0.4017745949102658
COIN_40,COIN_44,0.21734165345686995
COIN_40,COIN_45,0.9066921161185814
COIN_40,COIN_46,0.6129131056716347
COIN_40,COIN_47,0.9734939630384852
COIN_40,COIN_48,0.41674715333227574
COIN_40,COIN_49,0.8570091346670581
COIN_41,COIN_0,0.006922517422095719
COIN_41,COIN_1,3.944636987054748
COIN_41,COIN_2,1.5732189682291309
COIN_41,COIN_3,1.4485531681258386
COIN_41,COIN_4,3.425546480154682
COIN_41,COIN_5,2.3892034227438783
COIN_41,COIN_6,3.5634318925574324
COIN_41,COIN_7,5.600653526485935
COIN_41,COIN_8,1.4193876706665
COIN_41,COIN_9,5.5199183103273475
COIN_41,COIN_10,0.015980934630031078
COIN_41,COIN_11,3.9794023856752396
COIN_41,COIN_12,1.184491155616411
COIN_41,COIN_13,2.2063020992896947
COIN_41,COIN_14,0.004470381447572428
COIN_41,COIN_15,0.01170240032288051
COIN_41,COIN_16,6.919588137693894
COIN_41,COIN_17,5.10035847232461
COIN_41,COIN_18,6.186552176956474
COIN_41,COIN_19,2.4452100792181244
COIN_41,COIN_20,1.7280098537910964
COIN_41,COIN_21,3.98049185366998
COIN_41,COIN_22,4.064000154146769
COIN_41,COIN_23,2.5819646922231185
COIN_41,COIN_24,2.0018280361002283
COIN_41,COIN_25,3.1022811789852267
COIN_41,COIN_26,2.246207570001623
COIN_41,COIN_27,0.8507566115011823
COIN_41,COIN_28,0.34885521068741165
COIN_41,COIN_29,3.775845102219976
COIN_41,COIN_30,2.470146363248133
COIN_41,COIN_31,0.18851245092303143
COIN_41,COIN_32,3.0964150336559135
COIN_41,COIN_33,1.316179290178684
COIN_41,COIN_34,1.8826787328967032
COIN_41,COIN_35,0.5925720480545814
COIN_41,COIN_36,1.7843124906480787
COIN_41,COIN_37,2.666105253659576
COIN_41,COIN_38,2.9638538586515066
COIN_41,COIN_39,3.1175606915851852
COIN_41,COIN_40,6.383422958194724
COIN_41,COIN_42,1.0690271768368733
COIN_41,COIN_43,2.564293704264676
COIN_41,COIN_44,1.3863718695738558
COIN_41,COIN_45,5.786856039391485
COIN_41,COIN_46,3.908190604459942
COIN_41,COIN_47,6.2120285636988894
COIN_41,COIN_48,2.659041419701725
COIN_41,COIN_49,5.468496933162939
COIN_42,COIN_0,0.0064753693200417795
COIN_42,COIN_1,3.687161400160107
COIN_42,COIN_2,1.471869052848808
COIN_42,COIN_3,1.355524836033293
COIN_42,COIN_4,3.2031377165671433
COIN_42,COIN_5,2.233460323383736
COIN_42,COIN_6,3.3328089630476665
COIN_42,COIN_7,5.23584293880797
COIN_42,COIN_8,1.327988641023919
COIN_42,COIN_9,5.164202115025245
COIN_42,COIN_10,0.014948810227594492
COIN_42,COIN_11,3.72246130897453
COIN_42,COIN_12,1.1080774454126348
COIN_42,COIN_13,2.0626135274311017
COIN_42,COIN_14,0.004183723507893218
COIN_42,COIN_15,0.010941604879144546
COIN_42,COIN_16,6.468474775703163
COIN_42,COIN_17,4.767872741069387
COIN_42,COIN_18,5.7820392676563825
COIN_42,COIN_19,2.286304665541103
COIN_42,COIN_20,1.6169543532151363
COIN_42,COIN_21,3.722478216151997
COIN_42,COIN_22,3.801908595897148
COIN_42,COIN_23,2.4167551010601365
COIN_42,COIN_24,1.8729510042501973
COIN_42,COIN_25,2.903211047042197
COIN_42,COIN_26,2.1018076565563755
COIN_42,COIN_27,0.7961896355640515
COIN_42,COIN_28,0.3265415459413349
COIN_42,COIN_29,3.5345336863221255
COIN_42,COIN_30,2.3117496553782315
COIN_42,COIN_31,0.17639396990127262
COIN_42,COIN_32,2.8971276070910683
COIN_42,COIN_33,1.2310358096056255
COIN_42,COIN_34,1.7604802127061443
COIN_42,COIN_35,0.5540644649613744
COIN_42,COIN_36,1.669254842566833
COIN_42,COIN_37,2.494665932585384
COIN_42,COIN_38,2.7725487170711256
COIN_42,COIN_39,2.9182094010866377
COIN_42,COIN_40,5.966092883680814
COIN_42,COIN_41,0.9355797093489875
COIN_42,COIN_43,2.3983559835974573
COIN_42,COIN_44,1.2972163638037424
COIN_42,COIN_45,5.41098015644878
COIN_42,COIN_46,3.65530135981237
COIN_42,COIN_47,5.8084455247670235
COIN_42,COIN_48,2.487288629332648
COIN_42,COIN_49,5.111439798039323
COIN_43,COIN_0,0.002699804675381663
COIN_43,COIN_1,1.5380304507589244
COIN_43,COIN_2,0.6132351258533633
COIN_43,COIN_3,0.5650673254525158
COIN_43,COIN_4,1.3348278466801182
COIN_43,COIN_5,0.9314479264592714
COIN_43,COIN_6,1.3891900658007919
COIN_43,COIN_7,2.1838083209137373
COIN_43,COIN_8,0.5533487332317683
COIN_43,COIN_9,2.1524056918330507
COIN_43,COIN_10,0.0062371311995092354
COIN_43,COIN_11,1.5526297859401113
COIN_43,COIN_12,0.4617882047482004
COIN_43,COIN_13,0.8599810216341783
COIN_43,COIN_14,0.0017432120154020213
COIN_43,COIN_15,0.004563662121327996
COIN_43,COIN_16,2.6965325064844063
COIN_43,COIN_17,1.9882878930131025
COIN_43,COIN_18,2.4125033891436383
COIN_43,COIN_19,0.9535460641242678
COIN_43,COIN_20,0.6741170106148024
COIN_43,COIN_21,1.5528453216622649
COIN_43,COIN_22,1.5857500279250025
COIN_43,COIN_23,1.0076267067430382
COIN_43,COIN_24,0.7809888951551088
COIN_43,COIN_25,1.2108502463320532
COIN_43,COIN_26,0.8755643029058766
COIN_43,COIN_27,0.33185162685664105
COIN_43,COIN_28,0.13603942531650853
COIN_43,COIN_29,1.4725079154412894
COIN_43,COIN_30,0.9630187282961069
COIN_43,COIN_31,0.07347525882184719
COIN_43,COIN_32,1.207687921343018
COIN_43,COIN_33,0.5132505326704655
COIN_43,COIN_34,0.7340488937215869
COIN_43,COIN_35,0.2310637780132558
COIN_43,COIN_36,0.6959429280262276
COIN_43,COIN_37,1.0400195902649345
COIN_43,COIN_38,1.1557657622846211
COIN_43,COIN_39,1.216381507960527
COIN_43,COIN_40,2.487626227579689
COIN_43,COIN_41,0.38985499412532126
COIN_43,COIN_42,0.4167749650251761
COIN_43,COIN_44,0.5406068276286087
COIN_43,COIN_45,2.255810841369317
COIN_43,COIN_46,1.5240797778101585
COIN_43,COIN_47,2.4201609025139024
COIN_43,COIN_48,1.0373306889078786
COIN_43,COIN_49,2.130652897370361
COIN_44,COIN_0,0.00499244998096662
COIN_44,COIN_1,2.8436403888185287
COIN_44,COIN_2,1.134157513414772
COIN_44,COIN_3,1.0452970760497704
COIN_44,COIN_4,2.470627774409763
COIN_44,COIN_5,1.7224834315496735
COIN_44,COIN_6,2.5706878908128363
COIN_44,COIN_7,4.039713126453012
COIN_44,COIN_8,1.024267913783514
COIN_44,COIN_9,3.980257496002994
COIN_44,COIN_10,0.011534302990134443
COIN_44,COIN_11,2.870922091957143
COIN_44,COIN_12,0.8545118990801318
COIN_44,COIN_13,1.5906526642491152
COIN_44,COIN_14,0.003226480185689553
COIN_44,COIN_15,0.008436434713260487
COIN_44,COIN_16,4.989647446851902
COIN_44,COIN_17,3.678629354288079
COIN_44,COIN_18,4.4592397150931955
COIN_44,COIN_19,1.7637785916593867
COIN_44,COIN_20,1.247115672839604
COIN_44,COIN_21,2.872721559798031
COIN_44,COIN_22,2.9321197686936866
COIN_44,COIN_23,1.8629767901236396
COIN_44,COIN_24,1.4444269921008823
COIN_44,COIN_25,2.239455874206061
COIN_44,COIN_26,1.6205601466190138
COIN_44,COIN_27,0.6137879011837426
COIN_44,COIN_28,0.25161435491249623
COIN_44,COIN_29,2.7235184907030665
COIN_44,COIN_30,1.7821051726909274
COIN_44,COIN_31,0.13590368201160125
COIN_44,COIN_32,2.2341896339023464
COIN_44,COIN_33,0.9491046014652597
COIN_44,COIN_34,1.3576626026314844
COIN_44,COIN_35,0.42756923730563146
COIN_44,COIN_36,1.2874778694860052
COIN_44,COIN_37,1.9245054901553487
COIN_44,COIN_38,2.1370652444074305
COIN_44,COIN_39,2.249939199868492
COIN_44,COIN_40,4.604701355174711
COIN_44,COIN_41,0.7213719422123194
COIN_44,COIN_42,0.7712502373007237
COIN_44,COIN_43,1.8493739228564736
COIN_44,COIN_45,4.174451474844364
COIN_44,COIN_46,2.8200675960368504
COIN_44,COIN_47,4.476290872030162
COIN_44,COIN_48,1.918821756765121
COIN_44,COIN_49,3.941373727833035
COIN_45,COIN_0,0.0011958846509987
COIN_45,COIN_1,0.681803792911355
COIN_45,COIN_2,0.2718809395594547
COIN_45,COIN_3,0.25027207714779665
COIN_45,COIN_4,0.5916369123100329
COIN_45,COIN_5,0.4128073326572951
COIN_45,COIN_6,0.6159118291184252
COIN_45,COIN_7,0.9676206361757957
COIN_45,COIN_8,0.24523971475772574
COIN_45,COIN_9,0.9534615758378999
COIN_45,COIN_10,0.0027628731155156278
COIN_45,COIN_11,0.6880801338585669
COIN_45,COIN_12,0.20459286872094518
COIN_45,COIN_13,0.38095120977799957
COIN_45,COIN_14,0.0007729875010268384
COIN_45,COIN_15,0.0020210805338758803
COIN_45,COIN_16,1.1948626735165742
COIN_45,COIN_17,0.8815608055279911
COIN_45,COIN_18,1.0685432995743482
COIN_45,COIN_19,0.42224842284831055
COIN_45,COIN_20,0.2986772218532174
COIN_45,COIN_21,0.6879846913668453
COIN_45,COIN_22,0.7023963694171601
COIN_45,COIN_23,0.4464078083285838
COIN_45,COIN_24,0.34599602901436527
COIN_45,COIN_25,0.5363779045805931
COIN_45,COIN_26,0.38808621738114923
COIN_45,COIN_27,0.1471068279789746
COIN_45,COIN_28,0.060325255386915216
COIN_45,COIN_29,0.6529039251274955
COIN_45,COIN_30,0.4270237141027938
COIN_45,COIN_31,0.032571228369910145
COIN_45,COIN_32,0.5349508441515124
COIN_45,COIN_33,0.22729617571565813
COIN_45,COIN_34,0.32529327170030087
COIN_45,COIN_35,0.10240851691142404
COIN_45,COIN_36,0.3082678579265814
COIN_45,COIN_37,0.46077636494043284
COIN_45,COIN_38,0.5118689778890863
COIN_45,COIN_39,0.538830561962506
COIN_45,COIN_40,1.1030892017060563
COIN_45,COIN_41,0.17282972185152304
COIN_45,COIN_42,0.1847609594828873
COIN_45,COIN_43,0.44317949126128814
COIN_45,COIN_44,0.23955805292223695
COIN_45,COIN_46,0.6757927190047978
COIN_45,COIN_47,1.0730536240635273
COIN_45,COIN_48,0.45973075171332195
COIN_45,COIN_49,0.9442958163793818
COIN_46,COIN_0,0.0017708111846560296
COIN_46,COIN_1,1.0087306013527952
COIN_46,COIN_2,0.40252802890025235
COIN_46,COIN_3,0.37053281446839903
COIN_46,COIN_4,0.8756570999420338
COIN_46,COIN_5,0.6109357902959723
COIN_46,COIN_6,0.9110318223591831
COIN_46,COIN_7,1.4318430469150616
COIN_46,COIN_8,0.36294032578253227
COIN_46,COIN_9,1.4119130032700375
COIN_46,COIN_10,0.004089438958315254
COIN_46,COIN_11,1.0178254515643512
COIN_46,COIN_12,0.3028952895092724
COIN_46,COIN_13,0.5642460663172354
COIN_46,COIN_14,0.0011438859289354102
COIN_46,COIN_15,0.0029927815783801505
COIN_46,COIN_16,1.7692915101822806
COIN_46,COIN_17,1.3043892750252704
COIN_46,COIN_18,1.581815817667051
COIN_46,COIN_19,0.6255763595443399
COIN_46,COIN_20,0.4419458317391149
COIN_46,COIN_21,1.0185488243427812
COIN_46,COIN_22,1.0393996118035989
COIN_46,COIN_23,0.6608558834859843
COIN_46,COIN_24,0.5121284955652274
COIN_46,COIN_25,0.7943164274964903
COIN_46,COIN_26,0.5747140835444627
COIN_46,COIN_27,0.21771834741981402
COIN_46,COIN_28,0.08926406052729227
COIN_46,COIN_29,0.9660397466823801
COIN_46,COIN_30,0.6316713255344394
COIN_46,COIN_31,0.048207713746560764
COIN_46,COIN_32,0.792109781532011
COIN_46,COIN_33,0.3366733438699866
COIN_46,COIN_34,0.48181222650471894
COIN_46,COIN_35,0.1514794141755745
COIN_46,COIN_36,0.45662684274134274
COIN_46,COIN_37,0.6824634413820162
COIN_46,COIN_38,0.7581233521734091
COIN_46,COIN_39,0.7979464375642987
COIN_46,COIN_40,1.6316958856398636
COIN_46,COIN_41,0.2557604565819966
COIN_46,COIN_42,0.2734084674565038
COIN_46,COIN_43,0.6560159514672534
COIN_46,COIN_44,0.35475151106032005
COIN_46,COIN_45,1.4808785857002567
COIN_46,COIN_47,1.5881503900483769
COIN_46,COIN_48,0.6804494085996461
COIN_46,COIN_49,1.3988622702210702
COIN_47,COIN_0,0.0011145565062348909
COIN_47,COIN_1,0.6354333695471962
COIN_47,COIN_2,0.2534450105252235
COIN_47,COIN_3,0.233324537592916
COIN_47,COIN_4,0.551264006657952
COIN_47,COIN_5,0.38480846170847
COIN_47,COIN_6,0.5740538318969849
COIN_47,COIN_7,0.9012248205437124
COIN_47,COIN_8,0.22869671515856205
COIN_47,COIN_9,0.8887818428346276
COIN_47,COIN_10,0.0025748228444721485
COIN_47,COIN_11,0.6409585234077667
COIN_47,COIN_12,0.19073752389362275
COIN_47,COIN_13,0.3551400690156213
COIN_47,COIN_14,0.0007203190879186462
COIN_47,COIN_15,0.001883670608576465
COIN_47,COIN_16,1.1139107480574306
COIN_47,COIN_17,0.8210090726232574
COIN_47,COIN_18,0.9965047216394229
COIN_47,COIN_19,0.3935373702796177
COIN_47,COIN_20,0.278342962847891
COIN_47,COIN_21,0.6411576600357419
COIN_47,COIN_22,0.654731748196494
COIN_47,COIN_23,0.41586956798334124
COIN_47,COIN_24,0.32233570415933055
COIN_47,COIN_25,0.4998766643799167
COIN_47,COIN_26,0.36185822372920806
COIN_47,COIN_27,0.13704547718642743
COIN_47,COIN_28,0.056213915144570095
COIN_47,COIN_29,0.6081134393784996
COIN_47,COIN_30,0.39805917680212827
COIN_47,COIN_31,0.030351351853852057
COIN_47,COIN_32,0.49874685356588544
COIN_47,COIN_33,0.21187485613244106
COIN_47,COIN_34,0.30312950870630767
COIN_47,COIN_35,0.09537910286448109
COIN_47,COIN_36,0.2873635752007512
COIN_47,COIN_37,0.42970687001405666
COIN_47,COIN_38,0.47717470324515704
COIN_47,COIN_39,0.502452510171364
COIN_47,COIN_40,1.0279766777779156
COIN_47,COIN_41,0.16104350822132385
COIN_47,COIN_42,0.17217985693648047
COIN_47,COIN_43,0.41287847635635333
COIN_47,COIN_44,0.22323674857890077
COIN_47,COIN_45,0.9324099299337393
COIN_47,COIN_46,0.6297566511183735
COIN_47,COIN_48,0.4285561122252799
COIN_47,COIN_49,0.8802218266656427
COIN_48,COIN_0,0.002602533174482673
COIN_48,COIN_1,1.4826711144214453
COIN_48,COIN_2,0.5913477238406658
COIN_48,COIN_3,0.5447668721531841
COIN_48,COIN_4,1.2874696060523385
COIN_48,COIN_5,0.8979624479985387
COIN_48,COIN_6,1.3402141047380622
COIN_48,COIN_7,2.105252078203284
COIN_48,COIN_8,0.5338793878291427
COIN_48,COIN_9,2.0750939077025965
COIN_48,COIN_10,0.006009350256219733
COIN_48,COIN_11,1.4959681500791504
COIN_48,COIN_12,0.4453223443774308
COIN_48,COIN_13,0.8290982790634945
COIN_48,COIN_14,0.0016819779761665435
COIN_48,COIN_15,0.004398820815880192
COIN_48,COIN_16,2.601525058849695
COIN_48,COIN_17,1.9177009560838607
COIN_48,COIN_18,2.324428364773487
COIN_48,COIN_19,0.9194408627304956
COIN_48,COIN_20,0.649782325056493
COIN_48,COIN_21,1.4971123597210088
COIN_48,COIN_22,1.5279696861416516
COIN_48,COIN_23,0.9711506153887651
COIN_48,COIN_24,0.7524367010811862
COIN_48,COIN_25,1.1665066315183446
COIN_48,COIN_26,0.8445697256079384
COIN_48,COIN_27,0.3200337147427809
COIN_48,COIN_28,0.13114657215146455
COIN_48,COIN_29,1.420733039656481
COIN_48,COIN_30,0.9288448142335627
COIN_48,COIN_31,0.07086284056414162
COIN_48,COIN_32,1.164322486877985
COIN_48,COIN_33,0.49482329553085114
COIN_48,COIN_34,0.7077511168759902
COIN_48,COIN_35,0.22278775089901784
COIN_48,COIN_36,0.6709687092156138
COIN_48,COIN_37,1.0027366449216772
COIN_48,COIN_38,1.114006881266359
COIN_48,COIN_39,1.1730550785636458
COIN_48,COIN_40,2.400000325989538
COIN_48,COIN_41,0.376022124962317
COIN_48,COIN_42,0.4021405810624016
COIN_48,COIN_43,0.9645908166809445
COIN_48,COIN_44,0.5212839256799243
COIN_48,COIN_45,2.176806758843692
COIN_48,COIN_46,1.4692851815516732
COIN_48,COIN_47,2.3348295490346738
COIN_48,COIN_49,2.054655154816073
COIN_49,COIN_0,0.0012659329497497793
COIN_49,COIN_1,0.7211968701193232
COIN_49,COIN_2,0.2878619661989683
COIN_49,COIN_3,0.2651483397102007
COIN_49,COIN_4,0.6264046229091824
COIN_49,COIN_5,0.43688249847701977
COIN_49,COIN_6,0.651651983684471
COIN_49,COIN_7,1.0241506267184626
COIN_49,COIN_8,0.25974758891189326
COIN_49,COIN_9,1.010151389516215
COIN_49,COIN_10,0.0029234807065168238
COIN_49,COIN_11,0.7279548811004707
COIN_49,COIN_12,0.21675180942715663
COIN_49,COIN_13,0.40370199485075253
COIN_49,COIN_14,0.0008181204479462196
COIN_49,COIN_15,0.0021407350232325595
COIN_49,COIN_16,1.2660285401155487
COIN_49,COIN_17,0.9332552975258219
COIN_49,COIN_18,1.1318694211649136
COIN_49,COIN_19,0.44731584032546085
COIN_49,COIN_20,0.3161475619061241
COIN_49,COIN_21,0.7279787949152308
COIN_49,COIN_22,0.744024161276787
COIN_49,COIN_23,0.4723385883441401
COIN_49,COIN_24,0.36614409785467045
COIN_49,COIN_25,0.5679532037665612
COIN_49,COIN_26,0.4109655272418094
COIN_49,COIN_27,0.15569895864864014
COIN_49,COIN_28,0.06385006255094924
COIN_49,COIN_29,0.6913836945927266
COIN_49,COIN_30,0.4521201136485066
COIN_49,COIN_31,0.03448526720125052
COIN_49,COIN_32,0.5666374619126384
COIN_49,COIN_33,0.24068544223052496
COIN_49,COIN_34,0.3446184693441638
COIN_49,COIN_35,0.10838574565364706
COIN_49,COIN_36,0.32644432429400044
COIN_49,COIN_37,0.48794493245836695
COIN_49,COIN_38,0.5418836044669832
COIN_49,COIN_39,0.5703927737443788
COIN_49,COIN_40,1.1676805116974394
COIN_49,COIN_41,0.18301781733307057
COIN_49,COIN_42,0.19554982775483964
COIN_49,COIN_43,0.4693441412447807
COIN_49,COIN_44,0.2536133547351335
COIN_49,COIN_45,1.059070224682192
COIN_49,COIN_46,0.7148551061438905
COIN_49,COIN_47,1.135902451271854
COIN_49,COIN_48,0.4863575742372752
